-- MySQL Workbench Forward Engineering

SET @OLD_UNIQUE_CHECKS=@@UNIQUE_CHECKS, UNIQUE_CHECKS=0;
SET @OLD_FOREIGN_KEY_CHECKS=@@FOREIGN_KEY_CHECKS, FOREIGN_KEY_CHECKS=0;
SET @OLD_SQL_MODE=@@SQL_MODE, SQL_MODE='TRADITIONAL,ALLOW_INVALID_DATES';

-- -----------------------------------------------------
-- Schema mydb
-- -----------------------------------------------------
DROP SCHEMA IF EXISTS `mydb` ;

-- -----------------------------------------------------
-- Schema mydb
-- -----------------------------------------------------
CREATE SCHEMA IF NOT EXISTS `mydb` DEFAULT CHARACTER SET utf8 COLLATE utf8_general_mysql500_ci ;
USE `mydb` ;

-- -----------------------------------------------------
-- Table `mydb`.`floor`
-- -----------------------------------------------------
DROP TABLE IF EXISTS `mydb`.`floor` ;

CREATE TABLE IF NOT EXISTS `mydb`.`floor` (
  `floorID` INT NOT NULL,
  PRIMARY KEY (`floorID`))
ENGINE = InnoDB;


-- -----------------------------------------------------
-- Table `mydb`.`cell`
-- -----------------------------------------------------
DROP TABLE IF EXISTS `mydb`.`cell` ;

CREATE TABLE IF NOT EXISTS `mydb`.`cell` (
  `cellID` INT NOT NULL,
  `floorID` INT NOT NULL,
  `longitude` INT NULL,
  `latitude` INT NULL,
  PRIMARY KEY (`cellID`),
  INDEX `floorID_idx` (`floorID` ASC),
  CONSTRAINT `floorID`
    FOREIGN KEY (`floorID`)
    REFERENCES `mydb`.`floor` (`floorID`)
    ON DELETE NO ACTION
    ON UPDATE NO ACTION)
ENGINE = InnoDB;

INSERT INTO cell (cellID, floorID, longitude, latitude) VALUES
			(0, 1, 0, 0),
			(1, 1, 1, 0),
			(2, 1, 2, 0),
			(3, 1, 3, 0),
			(4, 1, 4, 0),
			(5, 1, 5, 0),
			(6, 1, 6, 0),
			(7, 1, 7, 0),
			(8, 1, 8, 0),
			(9, 1, 9, 0),
			(10, 1, 10, 0),
			(11, 1, 11, 0),
			(12, 1, 12, 0),
			(13, 1, 13, 0),
			(14, 1, 14, 0),
			(15, 1, 15, 0),
			(16, 1, 16, 0),
			(17, 1, 17, 0),
			(18, 1, 18, 0),
			(19, 1, 19, 0),
			(20, 1, 20, 0),
			(21, 1, 21, 0),
			(22, 1, 22, 0),
			(23, 1, 23, 0),
			(24, 1, 24, 0),
			(25, 1, 25, 0),
			(26, 1, 26, 0),
			(27, 1, 27, 0),
			(28, 1, 28, 0),
			(29, 1, 29, 0),
			(30, 1, 30, 0),
			(31, 1, 31, 0),
			(32, 1, 32, 0),
			(33, 1, 33, 0),
			(34, 1, 34, 0),
			(35, 1, 35, 0),
			(36, 1, 36, 0),
			(37, 1, 37, 0),
			(38, 1, 38, 0),
			(39, 1, 39, 0),
			(40, 1, 40, 0),
			(41, 1, 41, 0),
			(42, 1, 42, 0),
			(43, 1, 43, 0),
			(44, 1, 44, 0),
			(45, 1, 45, 0),
			(46, 1, 46, 0),
			(47, 1, 47, 0),
			(48, 1, 48, 0),
			(49, 1, 49, 0),
			(50, 1, 50, 0),
			(51, 1, 51, 0),
			(52, 1, 52, 0),
			(53, 1, 53, 0),
			(54, 1, 54, 0),
			(55, 1, 55, 0),
			(56, 1, 56, 0),
			(57, 1, 57, 0),
			(58, 1, 0, 1),
			(59, 1, 1, 1),
			(60, 1, 2, 1),
			(61, 1, 3, 1),
			(62, 1, 4, 1),
			(63, 1, 5, 1),
			(64, 1, 6, 1),
			(65, 1, 7, 1),
			(66, 1, 8, 1),
			(67, 1, 9, 1),
			(68, 1, 10, 1),
			(69, 1, 11, 1),
			(70, 1, 12, 1),
			(71, 1, 13, 1),
			(72, 1, 14, 1),
			(73, 1, 15, 1),
			(74, 1, 16, 1),
			(75, 1, 17, 1),
			(76, 1, 18, 1),
			(77, 1, 19, 1),
			(78, 1, 20, 1),
			(79, 1, 21, 1),
			(80, 1, 22, 1),
			(81, 1, 23, 1),
			(82, 1, 24, 1),
			(83, 1, 25, 1),
			(84, 1, 26, 1),
			(85, 1, 27, 1),
			(86, 1, 28, 1),
			(87, 1, 29, 1),
			(88, 1, 30, 1),
			(89, 1, 31, 1),
			(90, 1, 32, 1),
			(91, 1, 33, 1),
			(92, 1, 34, 1),
			(93, 1, 35, 1),
			(94, 1, 36, 1),
			(95, 1, 37, 1),
			(96, 1, 38, 1),
			(97, 1, 39, 1),
			(98, 1, 40, 1),
			(99, 1, 41, 1),
			(100, 1, 42, 1),
			(101, 1, 43, 1),
			(102, 1, 44, 1),
			(103, 1, 45, 1),
			(104, 1, 46, 1),
			(105, 1, 47, 1),
			(106, 1, 48, 1),
			(107, 1, 49, 1),
			(108, 1, 50, 1),
			(109, 1, 51, 1),
			(110, 1, 52, 1),
			(111, 1, 53, 1),
			(112, 1, 54, 1),
			(113, 1, 55, 1),
			(114, 1, 56, 1),
			(115, 1, 57, 1),
			(116, 1, 0, 2),
			(117, 1, 1, 2),
			(118, 1, 2, 2),
			(119, 1, 3, 2),
			(120, 1, 4, 2),
			(121, 1, 5, 2),
			(122, 1, 6, 2),
			(123, 1, 7, 2),
			(124, 1, 8, 2),
			(125, 1, 9, 2),
			(126, 1, 10, 2),
			(127, 1, 11, 2),
			(128, 1, 12, 2),
			(129, 1, 13, 2),
			(130, 1, 14, 2),
			(131, 1, 15, 2),
			(132, 1, 16, 2),
			(133, 1, 17, 2),
			(134, 1, 18, 2),
			(135, 1, 19, 2),
			(136, 1, 20, 2),
			(137, 1, 21, 2),
			(138, 1, 22, 2),
			(139, 1, 23, 2),
			(140, 1, 24, 2),
			(141, 1, 25, 2),
			(142, 1, 26, 2),
			(143, 1, 27, 2),
			(144, 1, 28, 2),
			(145, 1, 29, 2),
			(146, 1, 30, 2),
			(147, 1, 31, 2),
			(148, 1, 32, 2),
			(149, 1, 33, 2),
			(150, 1, 34, 2),
			(151, 1, 35, 2),
			(152, 1, 36, 2),
			(153, 1, 37, 2),
			(154, 1, 38, 2),
			(155, 1, 39, 2),
			(156, 1, 40, 2),
			(157, 1, 41, 2),
			(158, 1, 42, 2),
			(159, 1, 43, 2),
			(160, 1, 44, 2),
			(161, 1, 45, 2),
			(162, 1, 46, 2),
			(163, 1, 47, 2),
			(164, 1, 48, 2),
			(165, 1, 49, 2),
			(166, 1, 50, 2),
			(167, 1, 51, 2),
			(168, 1, 52, 2),
			(169, 1, 53, 2),
			(170, 1, 54, 2),
			(171, 1, 55, 2),
			(172, 1, 56, 2),
			(173, 1, 57, 2),
			(174, 1, 0, 3),
			(175, 1, 1, 3),
			(176, 1, 2, 3),
			(177, 1, 3, 3),
			(178, 1, 4, 3),
			(179, 1, 5, 3),
			(180, 1, 6, 3),
			(181, 1, 7, 3),
			(182, 1, 8, 3),
			(183, 1, 9, 3),
			(184, 1, 10, 3),
			(185, 1, 11, 3),
			(186, 1, 12, 3),
			(187, 1, 13, 3),
			(188, 1, 14, 3),
			(189, 1, 15, 3),
			(190, 1, 16, 3),
			(191, 1, 17, 3),
			(192, 1, 18, 3),
			(193, 1, 19, 3),
			(194, 1, 20, 3),
			(195, 1, 21, 3),
			(196, 1, 22, 3),
			(197, 1, 23, 3),
			(198, 1, 24, 3),
			(199, 1, 25, 3),
			(200, 1, 26, 3),
			(201, 1, 27, 3),
			(202, 1, 28, 3),
			(203, 1, 29, 3),
			(204, 1, 30, 3),
			(205, 1, 31, 3),
			(206, 1, 32, 3),
			(207, 1, 33, 3),
			(208, 1, 34, 3),
			(209, 1, 35, 3),
			(210, 1, 36, 3),
			(211, 1, 37, 3),
			(212, 1, 38, 3),
			(213, 1, 39, 3),
			(214, 1, 40, 3),
			(215, 1, 41, 3),
			(216, 1, 42, 3),
			(217, 1, 43, 3),
			(218, 1, 44, 3),
			(219, 1, 45, 3),
			(220, 1, 46, 3),
			(221, 1, 47, 3),
			(222, 1, 48, 3),
			(223, 1, 49, 3),
			(224, 1, 50, 3),
			(225, 1, 51, 3),
			(226, 1, 52, 3),
			(227, 1, 53, 3),
			(228, 1, 54, 3),
			(229, 1, 55, 3),
			(230, 1, 56, 3),
			(231, 1, 57, 3),
			(232, 1, 0, 4),
			(233, 1, 1, 4),
			(234, 1, 2, 4),
			(235, 1, 3, 4),
			(236, 1, 4, 4),
			(237, 1, 5, 4),
			(238, 1, 6, 4),
			(239, 1, 7, 4),
			(240, 1, 8, 4),
			(241, 1, 9, 4),
			(242, 1, 10, 4),
			(243, 1, 11, 4),
			(244, 1, 12, 4),
			(245, 1, 13, 4),
			(246, 1, 14, 4),
			(247, 1, 15, 4),
			(248, 1, 16, 4),
			(249, 1, 17, 4),
			(250, 1, 18, 4),
			(251, 1, 19, 4),
			(252, 1, 20, 4),
			(253, 1, 21, 4),
			(254, 1, 22, 4),
			(255, 1, 23, 4),
			(256, 1, 24, 4),
			(257, 1, 25, 4),
			(258, 1, 26, 4),
			(259, 1, 27, 4),
			(260, 1, 28, 4),
			(261, 1, 29, 4),
			(262, 1, 30, 4),
			(263, 1, 31, 4),
			(264, 1, 32, 4),
			(265, 1, 33, 4),
			(266, 1, 34, 4),
			(267, 1, 35, 4),
			(268, 1, 36, 4),
			(269, 1, 37, 4),
			(270, 1, 38, 4),
			(271, 1, 39, 4),
			(272, 1, 40, 4),
			(273, 1, 41, 4),
			(274, 1, 42, 4),
			(275, 1, 43, 4),
			(276, 1, 44, 4),
			(277, 1, 45, 4),
			(278, 1, 46, 4),
			(279, 1, 47, 4),
			(280, 1, 48, 4),
			(281, 1, 49, 4),
			(282, 1, 50, 4),
			(283, 1, 51, 4),
			(284, 1, 52, 4),
			(285, 1, 53, 4),
			(286, 1, 54, 4),
			(287, 1, 55, 4),
			(288, 1, 56, 4),
			(289, 1, 57, 4),
			(290, 1, 0, 5),
			(291, 1, 1, 5),
			(292, 1, 2, 5),
			(293, 1, 3, 5),
			(294, 1, 4, 5),
			(295, 1, 5, 5),
			(296, 1, 6, 5),
			(297, 1, 7, 5),
			(298, 1, 8, 5),
			(299, 1, 9, 5),
			(300, 1, 10, 5),
			(301, 1, 11, 5),
			(302, 1, 12, 5),
			(303, 1, 13, 5),
			(304, 1, 14, 5),
			(305, 1, 15, 5),
			(306, 1, 16, 5),
			(307, 1, 17, 5),
			(308, 1, 18, 5),
			(309, 1, 19, 5),
			(310, 1, 20, 5),
			(311, 1, 21, 5),
			(312, 1, 22, 5),
			(313, 1, 23, 5),
			(314, 1, 24, 5),
			(315, 1, 25, 5),
			(316, 1, 26, 5),
			(317, 1, 27, 5),
			(318, 1, 28, 5),
			(319, 1, 29, 5),
			(320, 1, 30, 5),
			(321, 1, 31, 5),
			(322, 1, 32, 5),
			(323, 1, 33, 5),
			(324, 1, 34, 5),
			(325, 1, 35, 5),
			(326, 1, 36, 5),
			(327, 1, 37, 5),
			(328, 1, 38, 5),
			(329, 1, 39, 5),
			(330, 1, 40, 5),
			(331, 1, 41, 5),
			(332, 1, 42, 5),
			(333, 1, 43, 5),
			(334, 1, 44, 5),
			(335, 1, 45, 5),
			(336, 1, 46, 5),
			(337, 1, 47, 5),
			(338, 1, 48, 5),
			(339, 1, 49, 5),
			(340, 1, 50, 5),
			(341, 1, 51, 5),
			(342, 1, 52, 5),
			(343, 1, 53, 5),
			(344, 1, 54, 5),
			(345, 1, 55, 5),
			(346, 1, 56, 5),
			(347, 1, 57, 5),
			(348, 1, 0, 6),
			(349, 1, 1, 6),
			(350, 1, 2, 6),
			(351, 1, 3, 6),
			(352, 1, 4, 6),
			(353, 1, 5, 6),
			(354, 1, 6, 6),
			(355, 1, 7, 6),
			(356, 1, 8, 6),
			(357, 1, 9, 6),
			(358, 1, 10, 6),
			(359, 1, 11, 6),
			(360, 1, 12, 6),
			(361, 1, 13, 6),
			(362, 1, 14, 6),
			(363, 1, 15, 6),
			(364, 1, 16, 6),
			(365, 1, 17, 6),
			(366, 1, 18, 6),
			(367, 1, 19, 6),
			(368, 1, 20, 6),
			(369, 1, 21, 6),
			(370, 1, 22, 6),
			(371, 1, 23, 6),
			(372, 1, 24, 6),
			(373, 1, 25, 6),
			(374, 1, 26, 6),
			(375, 1, 27, 6),
			(376, 1, 28, 6),
			(377, 1, 29, 6),
			(378, 1, 30, 6),
			(379, 1, 31, 6),
			(380, 1, 32, 6),
			(381, 1, 33, 6),
			(382, 1, 34, 6),
			(383, 1, 35, 6),
			(384, 1, 36, 6),
			(385, 1, 37, 6),
			(386, 1, 38, 6),
			(387, 1, 39, 6),
			(388, 1, 40, 6),
			(389, 1, 41, 6),
			(390, 1, 42, 6),
			(391, 1, 43, 6),
			(392, 1, 44, 6),
			(393, 1, 45, 6),
			(394, 1, 46, 6),
			(395, 1, 47, 6),
			(396, 1, 48, 6),
			(397, 1, 49, 6),
			(398, 1, 50, 6),
			(399, 1, 51, 6),
			(400, 1, 52, 6),
			(401, 1, 53, 6),
			(402, 1, 54, 6),
			(403, 1, 55, 6),
			(404, 1, 56, 6),
			(405, 1, 57, 6),
			(406, 1, 0, 7),
			(407, 1, 1, 7),
			(408, 1, 2, 7),
			(409, 1, 3, 7),
			(410, 1, 4, 7),
			(411, 1, 5, 7),
			(412, 1, 6, 7),
			(413, 1, 7, 7),
			(414, 1, 8, 7),
			(415, 1, 9, 7),
			(416, 1, 10, 7),
			(417, 1, 11, 7),
			(418, 1, 12, 7),
			(419, 1, 13, 7),
			(420, 1, 14, 7),
			(421, 1, 15, 7),
			(422, 1, 16, 7),
			(423, 1, 17, 7),
			(424, 1, 18, 7),
			(425, 1, 19, 7),
			(426, 1, 20, 7),
			(427, 1, 21, 7),
			(428, 1, 22, 7),
			(429, 1, 23, 7),
			(430, 1, 24, 7),
			(431, 1, 25, 7),
			(432, 1, 26, 7),
			(433, 1, 27, 7),
			(434, 1, 28, 7),
			(435, 1, 29, 7),
			(436, 1, 30, 7),
			(437, 1, 31, 7),
			(438, 1, 32, 7),
			(439, 1, 33, 7),
			(440, 1, 34, 7),
			(441, 1, 35, 7),
			(442, 1, 36, 7),
			(443, 1, 37, 7),
			(444, 1, 38, 7),
			(445, 1, 39, 7),
			(446, 1, 40, 7),
			(447, 1, 41, 7),
			(448, 1, 42, 7),
			(449, 1, 43, 7),
			(450, 1, 44, 7),
			(451, 1, 45, 7),
			(452, 1, 46, 7),
			(453, 1, 47, 7),
			(454, 1, 48, 7),
			(455, 1, 49, 7),
			(456, 1, 50, 7),
			(457, 1, 51, 7),
			(458, 1, 52, 7),
			(459, 1, 53, 7),
			(460, 1, 54, 7),
			(461, 1, 55, 7),
			(462, 1, 56, 7),
			(463, 1, 57, 7),
			(464, 1, 0, 8),
			(465, 1, 1, 8),
			(466, 1, 2, 8),
			(467, 1, 3, 8),
			(468, 1, 4, 8),
			(469, 1, 5, 8),
			(470, 1, 6, 8),
			(471, 1, 7, 8),
			(472, 1, 8, 8),
			(473, 1, 9, 8),
			(474, 1, 10, 8),
			(475, 1, 11, 8),
			(476, 1, 12, 8),
			(477, 1, 13, 8),
			(478, 1, 14, 8),
			(479, 1, 15, 8),
			(480, 1, 16, 8),
			(481, 1, 17, 8),
			(482, 1, 18, 8),
			(483, 1, 19, 8),
			(484, 1, 20, 8),
			(485, 1, 21, 8),
			(486, 1, 22, 8),
			(487, 1, 23, 8),
			(488, 1, 24, 8),
			(489, 1, 25, 8),
			(490, 1, 26, 8),
			(491, 1, 27, 8),
			(492, 1, 28, 8),
			(493, 1, 29, 8),
			(494, 1, 30, 8),
			(495, 1, 31, 8),
			(496, 1, 32, 8),
			(497, 1, 33, 8),
			(498, 1, 34, 8),
			(499, 1, 35, 8),
			(500, 1, 36, 8),
			(501, 1, 37, 8),
			(502, 1, 38, 8),
			(503, 1, 39, 8),
			(504, 1, 40, 8),
			(505, 1, 41, 8),
			(506, 1, 42, 8),
			(507, 1, 43, 8),
			(508, 1, 44, 8),
			(509, 1, 45, 8),
			(510, 1, 46, 8),
			(511, 1, 47, 8),
			(512, 1, 48, 8),
			(513, 1, 49, 8),
			(514, 1, 50, 8),
			(515, 1, 51, 8),
			(516, 1, 52, 8),
			(517, 1, 53, 8),
			(518, 1, 54, 8),
			(519, 1, 55, 8),
			(520, 1, 56, 8),
			(521, 1, 57, 8),
			(522, 1, 0, 9),
			(523, 1, 1, 9),
			(524, 1, 2, 9),
			(525, 1, 3, 9),
			(526, 1, 4, 9),
			(527, 1, 5, 9),
			(528, 1, 6, 9),
			(529, 1, 7, 9),
			(530, 1, 8, 9),
			(531, 1, 9, 9),
			(532, 1, 10, 9),
			(533, 1, 11, 9),
			(534, 1, 12, 9),
			(535, 1, 13, 9),
			(536, 1, 14, 9),
			(537, 1, 15, 9),
			(538, 1, 16, 9),
			(539, 1, 17, 9),
			(540, 1, 18, 9),
			(541, 1, 19, 9),
			(542, 1, 20, 9),
			(543, 1, 21, 9),
			(544, 1, 22, 9),
			(545, 1, 23, 9),
			(546, 1, 24, 9),
			(547, 1, 25, 9),
			(548, 1, 26, 9),
			(549, 1, 27, 9),
			(550, 1, 28, 9),
			(551, 1, 29, 9),
			(552, 1, 30, 9),
			(553, 1, 31, 9),
			(554, 1, 32, 9),
			(555, 1, 33, 9),
			(556, 1, 34, 9),
			(557, 1, 35, 9),
			(558, 1, 36, 9),
			(559, 1, 37, 9),
			(560, 1, 38, 9),
			(561, 1, 39, 9),
			(562, 1, 40, 9),
			(563, 1, 41, 9),
			(564, 1, 42, 9),
			(565, 1, 43, 9),
			(566, 1, 44, 9),
			(567, 1, 45, 9),
			(568, 1, 46, 9),
			(569, 1, 47, 9),
			(570, 1, 48, 9),
			(571, 1, 49, 9),
			(572, 1, 50, 9),
			(573, 1, 51, 9),
			(574, 1, 52, 9),
			(575, 1, 53, 9),
			(576, 1, 54, 9),
			(577, 1, 55, 9),
			(578, 1, 56, 9),
			(579, 1, 57, 9),
			(580, 1, 0, 10),
			(581, 1, 1, 10),
			(582, 1, 2, 10),
			(583, 1, 3, 10),
			(584, 1, 4, 10),
			(585, 1, 5, 10),
			(586, 1, 6, 10),
			(587, 1, 7, 10),
			(588, 1, 8, 10),
			(589, 1, 9, 10),
			(590, 1, 10, 10),
			(591, 1, 11, 10),
			(592, 1, 12, 10),
			(593, 1, 13, 10),
			(594, 1, 14, 10),
			(595, 1, 15, 10),
			(596, 1, 16, 10),
			(597, 1, 17, 10),
			(598, 1, 18, 10),
			(599, 1, 19, 10),
			(600, 1, 20, 10),
			(601, 1, 21, 10),
			(602, 1, 22, 10),
			(603, 1, 23, 10),
			(604, 1, 24, 10),
			(605, 1, 25, 10),
			(606, 1, 26, 10),
			(607, 1, 27, 10),
			(608, 1, 28, 10),
			(609, 1, 29, 10),
			(610, 1, 30, 10),
			(611, 1, 31, 10),
			(612, 1, 32, 10),
			(613, 1, 33, 10),
			(614, 1, 34, 10),
			(615, 1, 35, 10),
			(616, 1, 36, 10),
			(617, 1, 37, 10),
			(618, 1, 38, 10),
			(619, 1, 39, 10),
			(620, 1, 40, 10),
			(621, 1, 41, 10),
			(622, 1, 42, 10),
			(623, 1, 43, 10),
			(624, 1, 44, 10),
			(625, 1, 45, 10),
			(626, 1, 46, 10),
			(627, 1, 47, 10),
			(628, 1, 48, 10),
			(629, 1, 49, 10),
			(630, 1, 50, 10),
			(631, 1, 51, 10),
			(632, 1, 52, 10),
			(633, 1, 53, 10),
			(634, 1, 54, 10),
			(635, 1, 55, 10),
			(636, 1, 56, 10),
			(637, 1, 57, 10),
			(638, 1, 0, 11),
			(639, 1, 1, 11),
			(640, 1, 2, 11),
			(641, 1, 3, 11),
			(642, 1, 4, 11),
			(643, 1, 5, 11),
			(644, 1, 6, 11),
			(645, 1, 7, 11),
			(646, 1, 8, 11),
			(647, 1, 9, 11),
			(648, 1, 10, 11),
			(649, 1, 11, 11),
			(650, 1, 12, 11),
			(651, 1, 13, 11),
			(652, 1, 14, 11),
			(653, 1, 15, 11),
			(654, 1, 16, 11),
			(655, 1, 17, 11),
			(656, 1, 18, 11),
			(657, 1, 19, 11),
			(658, 1, 20, 11),
			(659, 1, 21, 11),
			(660, 1, 22, 11),
			(661, 1, 23, 11),
			(662, 1, 24, 11),
			(663, 1, 25, 11),
			(664, 1, 26, 11),
			(665, 1, 27, 11),
			(666, 1, 28, 11),
			(667, 1, 29, 11),
			(668, 1, 30, 11),
			(669, 1, 31, 11),
			(670, 1, 32, 11),
			(671, 1, 33, 11),
			(672, 1, 34, 11),
			(673, 1, 35, 11),
			(674, 1, 36, 11),
			(675, 1, 37, 11),
			(676, 1, 38, 11),
			(677, 1, 39, 11),
			(678, 1, 40, 11),
			(679, 1, 41, 11),
			(680, 1, 42, 11),
			(681, 1, 43, 11),
			(682, 1, 44, 11),
			(683, 1, 45, 11),
			(684, 1, 46, 11),
			(685, 1, 47, 11),
			(686, 1, 48, 11),
			(687, 1, 49, 11),
			(688, 1, 50, 11),
			(689, 1, 51, 11),
			(690, 1, 52, 11),
			(691, 1, 53, 11),
			(692, 1, 54, 11),
			(693, 1, 55, 11),
			(694, 1, 56, 11),
			(695, 1, 57, 11),
			(696, 1, 0, 12),
			(697, 1, 1, 12),
			(698, 1, 2, 12),
			(699, 1, 3, 12),
			(700, 1, 4, 12),
			(701, 1, 5, 12),
			(702, 1, 6, 12),
			(703, 1, 7, 12),
			(704, 1, 8, 12),
			(705, 1, 9, 12),
			(706, 1, 10, 12),
			(707, 1, 11, 12),
			(708, 1, 12, 12),
			(709, 1, 13, 12),
			(710, 1, 14, 12),
			(711, 1, 15, 12),
			(712, 1, 16, 12),
			(713, 1, 17, 12),
			(714, 1, 18, 12),
			(715, 1, 19, 12),
			(716, 1, 20, 12),
			(717, 1, 21, 12),
			(718, 1, 22, 12),
			(719, 1, 23, 12),
			(720, 1, 24, 12),
			(721, 1, 25, 12),
			(722, 1, 26, 12),
			(723, 1, 27, 12),
			(724, 1, 28, 12),
			(725, 1, 29, 12),
			(726, 1, 30, 12),
			(727, 1, 31, 12),
			(728, 1, 32, 12),
			(729, 1, 33, 12),
			(730, 1, 34, 12),
			(731, 1, 35, 12),
			(732, 1, 36, 12),
			(733, 1, 37, 12),
			(734, 1, 38, 12),
			(735, 1, 39, 12),
			(736, 1, 40, 12),
			(737, 1, 41, 12),
			(738, 1, 42, 12),
			(739, 1, 43, 12),
			(740, 1, 44, 12),
			(741, 1, 45, 12),
			(742, 1, 46, 12),
			(743, 1, 47, 12),
			(744, 1, 48, 12),
			(745, 1, 49, 12),
			(746, 1, 50, 12),
			(747, 1, 51, 12),
			(748, 1, 52, 12),
			(749, 1, 53, 12),
			(750, 1, 54, 12),
			(751, 1, 55, 12),
			(752, 1, 56, 12),
			(753, 1, 57, 12),
			(754, 1, 0, 13),
			(755, 1, 1, 13),
			(756, 1, 2, 13),
			(757, 1, 3, 13),
			(758, 1, 4, 13),
			(759, 1, 5, 13),
			(760, 1, 6, 13),
			(761, 1, 7, 13),
			(762, 1, 8, 13),
			(763, 1, 9, 13),
			(764, 1, 10, 13),
			(765, 1, 11, 13),
			(766, 1, 12, 13),
			(767, 1, 13, 13),
			(768, 1, 14, 13),
			(769, 1, 15, 13),
			(770, 1, 16, 13),
			(771, 1, 17, 13),
			(772, 1, 18, 13),
			(773, 1, 19, 13),
			(774, 1, 20, 13),
			(775, 1, 21, 13),
			(776, 1, 22, 13),
			(777, 1, 23, 13),
			(778, 1, 24, 13),
			(779, 1, 25, 13),
			(780, 1, 26, 13),
			(781, 1, 27, 13),
			(782, 1, 28, 13),
			(783, 1, 29, 13),
			(784, 1, 30, 13),
			(785, 1, 31, 13),
			(786, 1, 32, 13),
			(787, 1, 33, 13),
			(788, 1, 34, 13),
			(789, 1, 35, 13),
			(790, 1, 36, 13),
			(791, 1, 37, 13),
			(792, 1, 38, 13),
			(793, 1, 39, 13),
			(794, 1, 40, 13),
			(795, 1, 41, 13),
			(796, 1, 42, 13),
			(797, 1, 43, 13),
			(798, 1, 44, 13),
			(799, 1, 45, 13),
			(800, 1, 46, 13),
			(801, 1, 47, 13),
			(802, 1, 48, 13),
			(803, 1, 49, 13),
			(804, 1, 50, 13),
			(805, 1, 51, 13),
			(806, 1, 52, 13),
			(807, 1, 53, 13),
			(808, 1, 54, 13),
			(809, 1, 55, 13),
			(810, 1, 56, 13),
			(811, 1, 57, 13),
			(812, 1, 0, 14),
			(813, 1, 1, 14),
			(814, 1, 2, 14),
			(815, 1, 3, 14),
			(816, 1, 4, 14),
			(817, 1, 5, 14),
			(818, 1, 6, 14),
			(819, 1, 7, 14),
			(820, 1, 8, 14),
			(821, 1, 9, 14),
			(822, 1, 10, 14),
			(823, 1, 11, 14),
			(824, 1, 12, 14),
			(825, 1, 13, 14),
			(826, 1, 14, 14),
			(827, 1, 15, 14),
			(828, 1, 16, 14),
			(829, 1, 17, 14),
			(830, 1, 18, 14),
			(831, 1, 19, 14),
			(832, 1, 20, 14),
			(833, 1, 21, 14),
			(834, 1, 22, 14),
			(835, 1, 23, 14),
			(836, 1, 24, 14),
			(837, 1, 25, 14),
			(838, 1, 26, 14),
			(839, 1, 27, 14),
			(840, 1, 28, 14),
			(841, 1, 29, 14),
			(842, 1, 30, 14),
			(843, 1, 31, 14),
			(844, 1, 32, 14),
			(845, 1, 33, 14),
			(846, 1, 34, 14),
			(847, 1, 35, 14),
			(848, 1, 36, 14),
			(849, 1, 37, 14),
			(850, 1, 38, 14),
			(851, 1, 39, 14),
			(852, 1, 40, 14),
			(853, 1, 41, 14),
			(854, 1, 42, 14),
			(855, 1, 43, 14),
			(856, 1, 44, 14),
			(857, 1, 45, 14),
			(858, 1, 46, 14),
			(859, 1, 47, 14),
			(860, 1, 48, 14),
			(861, 1, 49, 14),
			(862, 1, 50, 14),
			(863, 1, 51, 14),
			(864, 1, 52, 14),
			(865, 1, 53, 14),
			(866, 1, 54, 14),
			(867, 1, 55, 14),
			(868, 1, 56, 14),
			(869, 1, 57, 14),
			(870, 1, 0, 15),
			(871, 1, 1, 15),
			(872, 1, 2, 15),
			(873, 1, 3, 15),
			(874, 1, 4, 15),
			(875, 1, 5, 15),
			(876, 1, 6, 15),
			(877, 1, 7, 15),
			(878, 1, 8, 15),
			(879, 1, 9, 15),
			(880, 1, 10, 15),
			(881, 1, 11, 15),
			(882, 1, 12, 15),
			(883, 1, 13, 15),
			(884, 1, 14, 15),
			(885, 1, 15, 15),
			(886, 1, 16, 15),
			(887, 1, 17, 15),
			(888, 1, 18, 15),
			(889, 1, 19, 15),
			(890, 1, 20, 15),
			(891, 1, 21, 15),
			(892, 1, 22, 15),
			(893, 1, 23, 15),
			(894, 1, 24, 15),
			(895, 1, 25, 15),
			(896, 1, 26, 15),
			(897, 1, 27, 15),
			(898, 1, 28, 15),
			(899, 1, 29, 15),
			(900, 1, 30, 15),
			(901, 1, 31, 15),
			(902, 1, 32, 15),
			(903, 1, 33, 15),
			(904, 1, 34, 15),
			(905, 1, 35, 15),
			(906, 1, 36, 15),
			(907, 1, 37, 15),
			(908, 1, 38, 15),
			(909, 1, 39, 15),
			(910, 1, 40, 15),
			(911, 1, 41, 15),
			(912, 1, 42, 15),
			(913, 1, 43, 15),
			(914, 1, 44, 15),
			(915, 1, 45, 15),
			(916, 1, 46, 15),
			(917, 1, 47, 15),
			(918, 1, 48, 15),
			(919, 1, 49, 15),
			(920, 1, 50, 15),
			(921, 1, 51, 15),
			(922, 1, 52, 15),
			(923, 1, 53, 15),
			(924, 1, 54, 15),
			(925, 1, 55, 15),
			(926, 1, 56, 15),
			(927, 1, 57, 15),
			(928, 1, 0, 16),
			(929, 1, 1, 16),
			(930, 1, 2, 16),
			(931, 1, 3, 16),
			(932, 1, 4, 16),
			(933, 1, 5, 16),
			(934, 1, 6, 16),
			(935, 1, 7, 16),
			(936, 1, 8, 16),
			(937, 1, 9, 16),
			(938, 1, 10, 16),
			(939, 1, 11, 16),
			(940, 1, 12, 16),
			(941, 1, 13, 16),
			(942, 1, 14, 16),
			(943, 1, 15, 16),
			(944, 1, 16, 16),
			(945, 1, 17, 16),
			(946, 1, 18, 16),
			(947, 1, 19, 16),
			(948, 1, 20, 16),
			(949, 1, 21, 16),
			(950, 1, 22, 16),
			(951, 1, 23, 16),
			(952, 1, 24, 16),
			(953, 1, 25, 16),
			(954, 1, 26, 16),
			(955, 1, 27, 16),
			(956, 1, 28, 16),
			(957, 1, 29, 16),
			(958, 1, 30, 16),
			(959, 1, 31, 16),
			(960, 1, 32, 16),
			(961, 1, 33, 16),
			(962, 1, 34, 16),
			(963, 1, 35, 16),
			(964, 1, 36, 16),
			(965, 1, 37, 16),
			(966, 1, 38, 16),
			(967, 1, 39, 16),
			(968, 1, 40, 16),
			(969, 1, 41, 16),
			(970, 1, 42, 16),
			(971, 1, 43, 16),
			(972, 1, 44, 16),
			(973, 1, 45, 16),
			(974, 1, 46, 16),
			(975, 1, 47, 16),
			(976, 1, 48, 16),
			(977, 1, 49, 16),
			(978, 1, 50, 16),
			(979, 1, 51, 16),
			(980, 1, 52, 16),
			(981, 1, 53, 16),
			(982, 1, 54, 16),
			(983, 1, 55, 16),
			(984, 1, 56, 16),
			(985, 1, 57, 16),
			(986, 1, 0, 17),
			(987, 1, 1, 17),
			(988, 1, 2, 17),
			(989, 1, 3, 17),
			(990, 1, 4, 17),
			(991, 1, 5, 17),
			(992, 1, 6, 17),
			(993, 1, 7, 17),
			(994, 1, 8, 17),
			(995, 1, 9, 17),
			(996, 1, 10, 17),
			(997, 1, 11, 17),
			(998, 1, 12, 17),
			(999, 1, 13, 17),
			(1000, 1, 14, 17),
			(1001, 1, 15, 17),
			(1002, 1, 16, 17),
			(1003, 1, 17, 17),
			(1004, 1, 18, 17),
			(1005, 1, 19, 17),
			(1006, 1, 20, 17),
			(1007, 1, 21, 17),
			(1008, 1, 22, 17),
			(1009, 1, 23, 17),
			(1010, 1, 24, 17),
			(1011, 1, 25, 17),
			(1012, 1, 26, 17),
			(1013, 1, 27, 17),
			(1014, 1, 28, 17),
			(1015, 1, 29, 17),
			(1016, 1, 30, 17),
			(1017, 1, 31, 17),
			(1018, 1, 32, 17),
			(1019, 1, 33, 17),
			(1020, 1, 34, 17),
			(1021, 1, 35, 17),
			(1022, 1, 36, 17),
			(1023, 1, 37, 17),
			(1024, 1, 38, 17),
			(1025, 1, 39, 17),
			(1026, 1, 40, 17),
			(1027, 1, 41, 17),
			(1028, 1, 42, 17),
			(1029, 1, 43, 17),
			(1030, 1, 44, 17),
			(1031, 1, 45, 17),
			(1032, 1, 46, 17),
			(1033, 1, 47, 17),
			(1034, 1, 48, 17),
			(1035, 1, 49, 17),
			(1036, 1, 50, 17),
			(1037, 1, 51, 17),
			(1038, 1, 52, 17),
			(1039, 1, 53, 17),
			(1040, 1, 54, 17),
			(1041, 1, 55, 17),
			(1042, 1, 56, 17),
			(1043, 1, 57, 17),
			(1044, 1, 0, 18),
			(1045, 1, 1, 18),
			(1046, 1, 2, 18),
			(1047, 1, 3, 18),
			(1048, 1, 4, 18),
			(1049, 1, 5, 18),
			(1050, 1, 6, 18),
			(1051, 1, 7, 18),
			(1052, 1, 8, 18),
			(1053, 1, 9, 18),
			(1054, 1, 10, 18),
			(1055, 1, 11, 18),
			(1056, 1, 12, 18),
			(1057, 1, 13, 18),
			(1058, 1, 14, 18),
			(1059, 1, 15, 18),
			(1060, 1, 16, 18),
			(1061, 1, 17, 18),
			(1062, 1, 18, 18),
			(1063, 1, 19, 18),
			(1064, 1, 20, 18),
			(1065, 1, 21, 18),
			(1066, 1, 22, 18),
			(1067, 1, 23, 18),
			(1068, 1, 24, 18),
			(1069, 1, 25, 18),
			(1070, 1, 26, 18),
			(1071, 1, 27, 18),
			(1072, 1, 28, 18),
			(1073, 1, 29, 18),
			(1074, 1, 30, 18),
			(1075, 1, 31, 18),
			(1076, 1, 32, 18),
			(1077, 1, 33, 18),
			(1078, 1, 34, 18),
			(1079, 1, 35, 18),
			(1080, 1, 36, 18),
			(1081, 1, 37, 18),
			(1082, 1, 38, 18),
			(1083, 1, 39, 18),
			(1084, 1, 40, 18),
			(1085, 1, 41, 18),
			(1086, 1, 42, 18),
			(1087, 1, 43, 18),
			(1088, 1, 44, 18),
			(1089, 1, 45, 18),
			(1090, 1, 46, 18),
			(1091, 1, 47, 18),
			(1092, 1, 48, 18),
			(1093, 1, 49, 18),
			(1094, 1, 50, 18),
			(1095, 1, 51, 18),
			(1096, 1, 52, 18),
			(1097, 1, 53, 18),
			(1098, 1, 54, 18),
			(1099, 1, 55, 18),
			(1100, 1, 56, 18),
			(1101, 1, 57, 18),
			(1102, 1, 0, 19),
			(1103, 1, 1, 19),
			(1104, 1, 2, 19),
			(1105, 1, 3, 19),
			(1106, 1, 4, 19),
			(1107, 1, 5, 19),
			(1108, 1, 6, 19),
			(1109, 1, 7, 19),
			(1110, 1, 8, 19),
			(1111, 1, 9, 19),
			(1112, 1, 10, 19),
			(1113, 1, 11, 19),
			(1114, 1, 12, 19),
			(1115, 1, 13, 19),
			(1116, 1, 14, 19),
			(1117, 1, 15, 19),
			(1118, 1, 16, 19),
			(1119, 1, 17, 19),
			(1120, 1, 18, 19),
			(1121, 1, 19, 19),
			(1122, 1, 20, 19),
			(1123, 1, 21, 19),
			(1124, 1, 22, 19),
			(1125, 1, 23, 19),
			(1126, 1, 24, 19),
			(1127, 1, 25, 19),
			(1128, 1, 26, 19),
			(1129, 1, 27, 19),
			(1130, 1, 28, 19),
			(1131, 1, 29, 19),
			(1132, 1, 30, 19),
			(1133, 1, 31, 19),
			(1134, 1, 32, 19),
			(1135, 1, 33, 19),
			(1136, 1, 34, 19),
			(1137, 1, 35, 19),
			(1138, 1, 36, 19),
			(1139, 1, 37, 19),
			(1140, 1, 38, 19),
			(1141, 1, 39, 19),
			(1142, 1, 40, 19),
			(1143, 1, 41, 19),
			(1144, 1, 42, 19),
			(1145, 1, 43, 19),
			(1146, 1, 44, 19),
			(1147, 1, 45, 19),
			(1148, 1, 46, 19),
			(1149, 1, 47, 19),
			(1150, 1, 48, 19),
			(1151, 1, 49, 19),
			(1152, 1, 50, 19),
			(1153, 1, 51, 19),
			(1154, 1, 52, 19),
			(1155, 1, 53, 19),
			(1156, 1, 54, 19),
			(1157, 1, 55, 19),
			(1158, 1, 56, 19),
			(1159, 1, 57, 19),
			(1160, 1, 0, 20),
			(1161, 1, 1, 20),
			(1162, 1, 2, 20),
			(1163, 1, 3, 20),
			(1164, 1, 4, 20),
			(1165, 1, 5, 20),
			(1166, 1, 6, 20),
			(1167, 1, 7, 20),
			(1168, 1, 8, 20),
			(1169, 1, 9, 20),
			(1170, 1, 10, 20),
			(1171, 1, 11, 20),
			(1172, 1, 12, 20),
			(1173, 1, 13, 20),
			(1174, 1, 14, 20),
			(1175, 1, 15, 20),
			(1176, 1, 16, 20),
			(1177, 1, 17, 20),
			(1178, 1, 18, 20),
			(1179, 1, 19, 20),
			(1180, 1, 20, 20),
			(1181, 1, 21, 20),
			(1182, 1, 22, 20),
			(1183, 1, 23, 20),
			(1184, 1, 24, 20),
			(1185, 1, 25, 20),
			(1186, 1, 26, 20),
			(1187, 1, 27, 20),
			(1188, 1, 28, 20),
			(1189, 1, 29, 20),
			(1190, 1, 30, 20),
			(1191, 1, 31, 20),
			(1192, 1, 32, 20),
			(1193, 1, 33, 20),
			(1194, 1, 34, 20),
			(1195, 1, 35, 20),
			(1196, 1, 36, 20),
			(1197, 1, 37, 20),
			(1198, 1, 38, 20),
			(1199, 1, 39, 20),
			(1200, 1, 40, 20),
			(1201, 1, 41, 20),
			(1202, 1, 42, 20),
			(1203, 1, 43, 20),
			(1204, 1, 44, 20),
			(1205, 1, 45, 20),
			(1206, 1, 46, 20),
			(1207, 1, 47, 20),
			(1208, 1, 48, 20),
			(1209, 1, 49, 20),
			(1210, 1, 50, 20),
			(1211, 1, 51, 20),
			(1212, 1, 52, 20),
			(1213, 1, 53, 20),
			(1214, 1, 54, 20),
			(1215, 1, 55, 20),
			(1216, 1, 56, 20),
			(1217, 1, 57, 20),
			(1218, 1, 0, 21),
			(1219, 1, 1, 21),
			(1220, 1, 2, 21),
			(1221, 1, 3, 21),
			(1222, 1, 4, 21),
			(1223, 1, 5, 21),
			(1224, 1, 6, 21),
			(1225, 1, 7, 21),
			(1226, 1, 8, 21),
			(1227, 1, 9, 21),
			(1228, 1, 10, 21),
			(1229, 1, 11, 21),
			(1230, 1, 12, 21),
			(1231, 1, 13, 21),
			(1232, 1, 14, 21),
			(1233, 1, 15, 21),
			(1234, 1, 16, 21),
			(1235, 1, 17, 21),
			(1236, 1, 18, 21),
			(1237, 1, 19, 21),
			(1238, 1, 20, 21),
			(1239, 1, 21, 21),
			(1240, 1, 22, 21),
			(1241, 1, 23, 21),
			(1242, 1, 24, 21),
			(1243, 1, 25, 21),
			(1244, 1, 26, 21),
			(1245, 1, 27, 21),
			(1246, 1, 28, 21),
			(1247, 1, 29, 21),
			(1248, 1, 30, 21),
			(1249, 1, 31, 21),
			(1250, 1, 32, 21),
			(1251, 1, 33, 21),
			(1252, 1, 34, 21),
			(1253, 1, 35, 21),
			(1254, 1, 36, 21),
			(1255, 1, 37, 21),
			(1256, 1, 38, 21),
			(1257, 1, 39, 21),
			(1258, 1, 40, 21),
			(1259, 1, 41, 21),
			(1260, 1, 42, 21),
			(1261, 1, 43, 21),
			(1262, 1, 44, 21),
			(1263, 1, 45, 21),
			(1264, 1, 46, 21),
			(1265, 1, 47, 21),
			(1266, 1, 48, 21),
			(1267, 1, 49, 21),
			(1268, 1, 50, 21),
			(1269, 1, 51, 21),
			(1270, 1, 52, 21),
			(1271, 1, 53, 21),
			(1272, 1, 54, 21),
			(1273, 1, 55, 21),
			(1274, 1, 56, 21),
			(1275, 1, 57, 21),
			(1276, 1, 0, 22),
			(1277, 1, 1, 22),
			(1278, 1, 2, 22),
			(1279, 1, 3, 22),
			(1280, 1, 4, 22),
			(1281, 1, 5, 22),
			(1282, 1, 6, 22),
			(1283, 1, 7, 22),
			(1284, 1, 8, 22),
			(1285, 1, 9, 22),
			(1286, 1, 10, 22),
			(1287, 1, 11, 22),
			(1288, 1, 12, 22),
			(1289, 1, 13, 22),
			(1290, 1, 14, 22),
			(1291, 1, 15, 22),
			(1292, 1, 16, 22),
			(1293, 1, 17, 22),
			(1294, 1, 18, 22),
			(1295, 1, 19, 22),
			(1296, 1, 20, 22),
			(1297, 1, 21, 22),
			(1298, 1, 22, 22),
			(1299, 1, 23, 22),
			(1300, 1, 24, 22),
			(1301, 1, 25, 22),
			(1302, 1, 26, 22),
			(1303, 1, 27, 22),
			(1304, 1, 28, 22),
			(1305, 1, 29, 22),
			(1306, 1, 30, 22),
			(1307, 1, 31, 22),
			(1308, 1, 32, 22),
			(1309, 1, 33, 22),
			(1310, 1, 34, 22),
			(1311, 1, 35, 22),
			(1312, 1, 36, 22),
			(1313, 1, 37, 22),
			(1314, 1, 38, 22),
			(1315, 1, 39, 22),
			(1316, 1, 40, 22),
			(1317, 1, 41, 22),
			(1318, 1, 42, 22),
			(1319, 1, 43, 22),
			(1320, 1, 44, 22),
			(1321, 1, 45, 22),
			(1322, 1, 46, 22),
			(1323, 1, 47, 22),
			(1324, 1, 48, 22),
			(1325, 1, 49, 22),
			(1326, 1, 50, 22),
			(1327, 1, 51, 22),
			(1328, 1, 52, 22),
			(1329, 1, 53, 22),
			(1330, 1, 54, 22),
			(1331, 1, 55, 22),
			(1332, 1, 56, 22),
			(1333, 1, 57, 22),
			(1334, 1, 0, 23),
			(1335, 1, 1, 23),
			(1336, 1, 2, 23),
			(1337, 1, 3, 23),
			(1338, 1, 4, 23),
			(1339, 1, 5, 23),
			(1340, 1, 6, 23),
			(1341, 1, 7, 23),
			(1342, 1, 8, 23),
			(1343, 1, 9, 23),
			(1344, 1, 10, 23),
			(1345, 1, 11, 23),
			(1346, 1, 12, 23),
			(1347, 1, 13, 23),
			(1348, 1, 14, 23),
			(1349, 1, 15, 23),
			(1350, 1, 16, 23),
			(1351, 1, 17, 23),
			(1352, 1, 18, 23),
			(1353, 1, 19, 23),
			(1354, 1, 20, 23),
			(1355, 1, 21, 23),
			(1356, 1, 22, 23),
			(1357, 1, 23, 23),
			(1358, 1, 24, 23),
			(1359, 1, 25, 23),
			(1360, 1, 26, 23),
			(1361, 1, 27, 23),
			(1362, 1, 28, 23),
			(1363, 1, 29, 23),
			(1364, 1, 30, 23),
			(1365, 1, 31, 23),
			(1366, 1, 32, 23),
			(1367, 1, 33, 23),
			(1368, 1, 34, 23),
			(1369, 1, 35, 23),
			(1370, 1, 36, 23),
			(1371, 1, 37, 23),
			(1372, 1, 38, 23),
			(1373, 1, 39, 23),
			(1374, 1, 40, 23),
			(1375, 1, 41, 23),
			(1376, 1, 42, 23),
			(1377, 1, 43, 23),
			(1378, 1, 44, 23),
			(1379, 1, 45, 23),
			(1380, 1, 46, 23),
			(1381, 1, 47, 23),
			(1382, 1, 48, 23),
			(1383, 1, 49, 23),
			(1384, 1, 50, 23),
			(1385, 1, 51, 23),
			(1386, 1, 52, 23),
			(1387, 1, 53, 23),
			(1388, 1, 54, 23),
			(1389, 1, 55, 23),
			(1390, 1, 56, 23),
			(1391, 1, 57, 23),
			(1392, 1, 0, 24),
			(1393, 1, 1, 24),
			(1394, 1, 2, 24),
			(1395, 1, 3, 24),
			(1396, 1, 4, 24),
			(1397, 1, 5, 24),
			(1398, 1, 6, 24),
			(1399, 1, 7, 24),
			(1400, 1, 8, 24),
			(1401, 1, 9, 24),
			(1402, 1, 10, 24),
			(1403, 1, 11, 24),
			(1404, 1, 12, 24),
			(1405, 1, 13, 24),
			(1406, 1, 14, 24),
			(1407, 1, 15, 24),
			(1408, 1, 16, 24),
			(1409, 1, 17, 24),
			(1410, 1, 18, 24),
			(1411, 1, 19, 24),
			(1412, 1, 20, 24),
			(1413, 1, 21, 24),
			(1414, 1, 22, 24),
			(1415, 1, 23, 24),
			(1416, 1, 24, 24),
			(1417, 1, 25, 24),
			(1418, 1, 26, 24),
			(1419, 1, 27, 24),
			(1420, 1, 28, 24),
			(1421, 1, 29, 24),
			(1422, 1, 30, 24),
			(1423, 1, 31, 24),
			(1424, 1, 32, 24),
			(1425, 1, 33, 24),
			(1426, 1, 34, 24),
			(1427, 1, 35, 24),
			(1428, 1, 36, 24),
			(1429, 1, 37, 24),
			(1430, 1, 38, 24),
			(1431, 1, 39, 24),
			(1432, 1, 40, 24),
			(1433, 1, 41, 24),
			(1434, 1, 42, 24),
			(1435, 1, 43, 24),
			(1436, 1, 44, 24),
			(1437, 1, 45, 24),
			(1438, 1, 46, 24),
			(1439, 1, 47, 24),
			(1440, 1, 48, 24),
			(1441, 1, 49, 24),
			(1442, 1, 50, 24),
			(1443, 1, 51, 24),
			(1444, 1, 52, 24),
			(1445, 1, 53, 24),
			(1446, 1, 54, 24),
			(1447, 1, 55, 24),
			(1448, 1, 56, 24),
			(1449, 1, 57, 24),
			(1450, 1, 0, 25),
			(1451, 1, 1, 25),
			(1452, 1, 2, 25),
			(1453, 1, 3, 25),
			(1454, 1, 4, 25),
			(1455, 1, 5, 25),
			(1456, 1, 6, 25),
			(1457, 1, 7, 25),
			(1458, 1, 8, 25),
			(1459, 1, 9, 25),
			(1460, 1, 10, 25),
			(1461, 1, 11, 25),
			(1462, 1, 12, 25),
			(1463, 1, 13, 25),
			(1464, 1, 14, 25),
			(1465, 1, 15, 25),
			(1466, 1, 16, 25),
			(1467, 1, 17, 25),
			(1468, 1, 18, 25),
			(1469, 1, 19, 25),
			(1470, 1, 20, 25),
			(1471, 1, 21, 25),
			(1472, 1, 22, 25),
			(1473, 1, 23, 25),
			(1474, 1, 24, 25),
			(1475, 1, 25, 25),
			(1476, 1, 26, 25),
			(1477, 1, 27, 25),
			(1478, 1, 28, 25),
			(1479, 1, 29, 25),
			(1480, 1, 30, 25),
			(1481, 1, 31, 25),
			(1482, 1, 32, 25),
			(1483, 1, 33, 25),
			(1484, 1, 34, 25),
			(1485, 1, 35, 25),
			(1486, 1, 36, 25),
			(1487, 1, 37, 25),
			(1488, 1, 38, 25),
			(1489, 1, 39, 25),
			(1490, 1, 40, 25),
			(1491, 1, 41, 25),
			(1492, 1, 42, 25),
			(1493, 1, 43, 25),
			(1494, 1, 44, 25),
			(1495, 1, 45, 25),
			(1496, 1, 46, 25),
			(1497, 1, 47, 25),
			(1498, 1, 48, 25),
			(1499, 1, 49, 25),
			(1500, 1, 50, 25),
			(1501, 1, 51, 25),
			(1502, 1, 52, 25),
			(1503, 1, 53, 25),
			(1504, 1, 54, 25),
			(1505, 1, 55, 25),
			(1506, 1, 56, 25),
			(1507, 1, 57, 25),
			(1508, 1, 0, 26),
			(1509, 1, 1, 26),
			(1510, 1, 2, 26),
			(1511, 1, 3, 26),
			(1512, 1, 4, 26),
			(1513, 1, 5, 26),
			(1514, 1, 6, 26),
			(1515, 1, 7, 26),
			(1516, 1, 8, 26),
			(1517, 1, 9, 26),
			(1518, 1, 10, 26),
			(1519, 1, 11, 26),
			(1520, 1, 12, 26),
			(1521, 1, 13, 26),
			(1522, 1, 14, 26),
			(1523, 1, 15, 26),
			(1524, 1, 16, 26),
			(1525, 1, 17, 26),
			(1526, 1, 18, 26),
			(1527, 1, 19, 26),
			(1528, 1, 20, 26),
			(1529, 1, 21, 26),
			(1530, 1, 22, 26),
			(1531, 1, 23, 26),
			(1532, 1, 24, 26),
			(1533, 1, 25, 26),
			(1534, 1, 26, 26),
			(1535, 1, 27, 26),
			(1536, 1, 28, 26),
			(1537, 1, 29, 26),
			(1538, 1, 30, 26),
			(1539, 1, 31, 26),
			(1540, 1, 32, 26),
			(1541, 1, 33, 26),
			(1542, 1, 34, 26),
			(1543, 1, 35, 26),
			(1544, 1, 36, 26),
			(1545, 1, 37, 26),
			(1546, 1, 38, 26),
			(1547, 1, 39, 26),
			(1548, 1, 40, 26),
			(1549, 1, 41, 26),
			(1550, 1, 42, 26),
			(1551, 1, 43, 26),
			(1552, 1, 44, 26),
			(1553, 1, 45, 26),
			(1554, 1, 46, 26),
			(1555, 1, 47, 26),
			(1556, 1, 48, 26),
			(1557, 1, 49, 26),
			(1558, 1, 50, 26),
			(1559, 1, 51, 26),
			(1560, 1, 52, 26),
			(1561, 1, 53, 26),
			(1562, 1, 54, 26),
			(1563, 1, 55, 26),
			(1564, 1, 56, 26),
			(1565, 1, 57, 26),
			(1566, 1, 0, 27),
			(1567, 1, 1, 27),
			(1568, 1, 2, 27),
			(1569, 1, 3, 27),
			(1570, 1, 4, 27),
			(1571, 1, 5, 27),
			(1572, 1, 6, 27),
			(1573, 1, 7, 27),
			(1574, 1, 8, 27),
			(1575, 1, 9, 27),
			(1576, 1, 10, 27),
			(1577, 1, 11, 27),
			(1578, 1, 12, 27),
			(1579, 1, 13, 27),
			(1580, 1, 14, 27),
			(1581, 1, 15, 27),
			(1582, 1, 16, 27),
			(1583, 1, 17, 27),
			(1584, 1, 18, 27),
			(1585, 1, 19, 27),
			(1586, 1, 20, 27),
			(1587, 1, 21, 27),
			(1588, 1, 22, 27),
			(1589, 1, 23, 27),
			(1590, 1, 24, 27),
			(1591, 1, 25, 27),
			(1592, 1, 26, 27),
			(1593, 1, 27, 27),
			(1594, 1, 28, 27),
			(1595, 1, 29, 27),
			(1596, 1, 30, 27),
			(1597, 1, 31, 27),
			(1598, 1, 32, 27),
			(1599, 1, 33, 27),
			(1600, 1, 34, 27),
			(1601, 1, 35, 27),
			(1602, 1, 36, 27),
			(1603, 1, 37, 27),
			(1604, 1, 38, 27),
			(1605, 1, 39, 27),
			(1606, 1, 40, 27),
			(1607, 1, 41, 27),
			(1608, 1, 42, 27),
			(1609, 1, 43, 27),
			(1610, 1, 44, 27),
			(1611, 1, 45, 27),
			(1612, 1, 46, 27),
			(1613, 1, 47, 27),
			(1614, 1, 48, 27),
			(1615, 1, 49, 27),
			(1616, 1, 50, 27),
			(1617, 1, 51, 27),
			(1618, 1, 52, 27),
			(1619, 1, 53, 27),
			(1620, 1, 54, 27),
			(1621, 1, 55, 27),
			(1622, 1, 56, 27),
			(1623, 1, 57, 27),
			(1624, 1, 0, 28),
			(1625, 1, 1, 28),
			(1626, 1, 2, 28),
			(1627, 1, 3, 28),
			(1628, 1, 4, 28),
			(1629, 1, 5, 28),
			(1630, 1, 6, 28),
			(1631, 1, 7, 28),
			(1632, 1, 8, 28),
			(1633, 1, 9, 28),
			(1634, 1, 10, 28),
			(1635, 1, 11, 28),
			(1636, 1, 12, 28),
			(1637, 1, 13, 28),
			(1638, 1, 14, 28),
			(1639, 1, 15, 28),
			(1640, 1, 16, 28),
			(1641, 1, 17, 28),
			(1642, 1, 18, 28),
			(1643, 1, 19, 28),
			(1644, 1, 20, 28),
			(1645, 1, 21, 28),
			(1646, 1, 22, 28),
			(1647, 1, 23, 28),
			(1648, 1, 24, 28),
			(1649, 1, 25, 28),
			(1650, 1, 26, 28),
			(1651, 1, 27, 28),
			(1652, 1, 28, 28),
			(1653, 1, 29, 28),
			(1654, 1, 30, 28),
			(1655, 1, 31, 28),
			(1656, 1, 32, 28),
			(1657, 1, 33, 28),
			(1658, 1, 34, 28),
			(1659, 1, 35, 28),
			(1660, 1, 36, 28),
			(1661, 1, 37, 28),
			(1662, 1, 38, 28),
			(1663, 1, 39, 28),
			(1664, 1, 40, 28),
			(1665, 1, 41, 28),
			(1666, 1, 42, 28),
			(1667, 1, 43, 28),
			(1668, 1, 44, 28),
			(1669, 1, 45, 28),
			(1670, 1, 46, 28),
			(1671, 1, 47, 28),
			(1672, 1, 48, 28),
			(1673, 1, 49, 28),
			(1674, 1, 50, 28),
			(1675, 1, 51, 28),
			(1676, 1, 52, 28),
			(1677, 1, 53, 28),
			(1678, 1, 54, 28),
			(1679, 1, 55, 28),
			(1680, 1, 56, 28),
			(1681, 1, 57, 28),
			(1682, 1, 0, 29),
			(1683, 1, 1, 29),
			(1684, 1, 2, 29),
			(1685, 1, 3, 29),
			(1686, 1, 4, 29),
			(1687, 1, 5, 29),
			(1688, 1, 6, 29),
			(1689, 1, 7, 29),
			(1690, 1, 8, 29),
			(1691, 1, 9, 29),
			(1692, 1, 10, 29),
			(1693, 1, 11, 29),
			(1694, 1, 12, 29),
			(1695, 1, 13, 29),
			(1696, 1, 14, 29),
			(1697, 1, 15, 29),
			(1698, 1, 16, 29),
			(1699, 1, 17, 29),
			(1700, 1, 18, 29),
			(1701, 1, 19, 29),
			(1702, 1, 20, 29),
			(1703, 1, 21, 29),
			(1704, 1, 22, 29),
			(1705, 1, 23, 29),
			(1706, 1, 24, 29),
			(1707, 1, 25, 29),
			(1708, 1, 26, 29),
			(1709, 1, 27, 29),
			(1710, 1, 28, 29),
			(1711, 1, 29, 29),
			(1712, 1, 30, 29),
			(1713, 1, 31, 29),
			(1714, 1, 32, 29),
			(1715, 1, 33, 29),
			(1716, 1, 34, 29),
			(1717, 1, 35, 29),
			(1718, 1, 36, 29),
			(1719, 1, 37, 29),
			(1720, 1, 38, 29),
			(1721, 1, 39, 29),
			(1722, 1, 40, 29),
			(1723, 1, 41, 29),
			(1724, 1, 42, 29),
			(1725, 1, 43, 29),
			(1726, 1, 44, 29),
			(1727, 1, 45, 29),
			(1728, 1, 46, 29),
			(1729, 1, 47, 29),
			(1730, 1, 48, 29),
			(1731, 1, 49, 29),
			(1732, 1, 50, 29),
			(1733, 1, 51, 29),
			(1734, 1, 52, 29),
			(1735, 1, 53, 29),
			(1736, 1, 54, 29),
			(1737, 1, 55, 29),
			(1738, 1, 56, 29),
			(1739, 1, 57, 29),
			(1740, 1, 0, 30),
			(1741, 1, 1, 30),
			(1742, 1, 2, 30),
			(1743, 1, 3, 30),
			(1744, 1, 4, 30),
			(1745, 1, 5, 30),
			(1746, 1, 6, 30),
			(1747, 1, 7, 30),
			(1748, 1, 8, 30),
			(1749, 1, 9, 30),
			(1750, 1, 10, 30),
			(1751, 1, 11, 30),
			(1752, 1, 12, 30),
			(1753, 1, 13, 30),
			(1754, 1, 14, 30),
			(1755, 1, 15, 30),
			(1756, 1, 16, 30),
			(1757, 1, 17, 30),
			(1758, 1, 18, 30),
			(1759, 1, 19, 30),
			(1760, 1, 20, 30),
			(1761, 1, 21, 30),
			(1762, 1, 22, 30),
			(1763, 1, 23, 30),
			(1764, 1, 24, 30),
			(1765, 1, 25, 30),
			(1766, 1, 26, 30),
			(1767, 1, 27, 30),
			(1768, 1, 28, 30),
			(1769, 1, 29, 30),
			(1770, 1, 30, 30),
			(1771, 1, 31, 30),
			(1772, 1, 32, 30),
			(1773, 1, 33, 30),
			(1774, 1, 34, 30),
			(1775, 1, 35, 30),
			(1776, 1, 36, 30),
			(1777, 1, 37, 30),
			(1778, 1, 38, 30),
			(1779, 1, 39, 30),
			(1780, 1, 40, 30),
			(1781, 1, 41, 30),
			(1782, 1, 42, 30),
			(1783, 1, 43, 30),
			(1784, 1, 44, 30),
			(1785, 1, 45, 30),
			(1786, 1, 46, 30),
			(1787, 1, 47, 30),
			(1788, 1, 48, 30),
			(1789, 1, 49, 30),
			(1790, 1, 50, 30),
			(1791, 1, 51, 30),
			(1792, 1, 52, 30),
			(1793, 1, 53, 30),
			(1794, 1, 54, 30),
			(1795, 1, 55, 30),
			(1796, 1, 56, 30),
			(1797, 1, 57, 30),
			(1798, 1, 0, 31),
			(1799, 1, 1, 31),
			(1800, 1, 2, 31),
			(1801, 1, 3, 31),
			(1802, 1, 4, 31),
			(1803, 1, 5, 31),
			(1804, 1, 6, 31),
			(1805, 1, 7, 31),
			(1806, 1, 8, 31),
			(1807, 1, 9, 31),
			(1808, 1, 10, 31),
			(1809, 1, 11, 31),
			(1810, 1, 12, 31),
			(1811, 1, 13, 31),
			(1812, 1, 14, 31),
			(1813, 1, 15, 31),
			(1814, 1, 16, 31),
			(1815, 1, 17, 31),
			(1816, 1, 18, 31),
			(1817, 1, 19, 31),
			(1818, 1, 20, 31),
			(1819, 1, 21, 31),
			(1820, 1, 22, 31),
			(1821, 1, 23, 31),
			(1822, 1, 24, 31),
			(1823, 1, 25, 31),
			(1824, 1, 26, 31),
			(1825, 1, 27, 31),
			(1826, 1, 28, 31),
			(1827, 1, 29, 31),
			(1828, 1, 30, 31),
			(1829, 1, 31, 31),
			(1830, 1, 32, 31),
			(1831, 1, 33, 31),
			(1832, 1, 34, 31),
			(1833, 1, 35, 31),
			(1834, 1, 36, 31),
			(1835, 1, 37, 31),
			(1836, 1, 38, 31),
			(1837, 1, 39, 31),
			(1838, 1, 40, 31),
			(1839, 1, 41, 31),
			(1840, 1, 42, 31),
			(1841, 1, 43, 31),
			(1842, 1, 44, 31),
			(1843, 1, 45, 31),
			(1844, 1, 46, 31),
			(1845, 1, 47, 31),
			(1846, 1, 48, 31),
			(1847, 1, 49, 31),
			(1848, 1, 50, 31),
			(1849, 1, 51, 31),
			(1850, 1, 52, 31),
			(1851, 1, 53, 31),
			(1852, 1, 54, 31),
			(1853, 1, 55, 31),
			(1854, 1, 56, 31),
			(1855, 1, 57, 31),
			(1856, 1, 0, 32),
			(1857, 1, 1, 32),
			(1858, 1, 2, 32),
			(1859, 1, 3, 32),
			(1860, 1, 4, 32),
			(1861, 1, 5, 32),
			(1862, 1, 6, 32),
			(1863, 1, 7, 32),
			(1864, 1, 8, 32),
			(1865, 1, 9, 32),
			(1866, 1, 10, 32),
			(1867, 1, 11, 32),
			(1868, 1, 12, 32),
			(1869, 1, 13, 32),
			(1870, 1, 14, 32),
			(1871, 1, 15, 32),
			(1872, 1, 16, 32),
			(1873, 1, 17, 32),
			(1874, 1, 18, 32),
			(1875, 1, 19, 32),
			(1876, 1, 20, 32),
			(1877, 1, 21, 32),
			(1878, 1, 22, 32),
			(1879, 1, 23, 32),
			(1880, 1, 24, 32),
			(1881, 1, 25, 32),
			(1882, 1, 26, 32),
			(1883, 1, 27, 32),
			(1884, 1, 28, 32),
			(1885, 1, 29, 32),
			(1886, 1, 30, 32),
			(1887, 1, 31, 32),
			(1888, 1, 32, 32),
			(1889, 1, 33, 32),
			(1890, 1, 34, 32),
			(1891, 1, 35, 32),
			(1892, 1, 36, 32),
			(1893, 1, 37, 32),
			(1894, 1, 38, 32),
			(1895, 1, 39, 32),
			(1896, 1, 40, 32),
			(1897, 1, 41, 32),
			(1898, 1, 42, 32),
			(1899, 1, 43, 32),
			(1900, 1, 44, 32),
			(1901, 1, 45, 32),
			(1902, 1, 46, 32),
			(1903, 1, 47, 32),
			(1904, 1, 48, 32),
			(1905, 1, 49, 32),
			(1906, 1, 50, 32),
			(1907, 1, 51, 32),
			(1908, 1, 52, 32),
			(1909, 1, 53, 32),
			(1910, 1, 54, 32),
			(1911, 1, 55, 32),
			(1912, 1, 56, 32),
			(1913, 1, 57, 32),
			(1914, 1, 0, 33),
			(1915, 1, 1, 33),
			(1916, 1, 2, 33),
			(1917, 1, 3, 33),
			(1918, 1, 4, 33),
			(1919, 1, 5, 33),
			(1920, 1, 6, 33),
			(1921, 1, 7, 33),
			(1922, 1, 8, 33),
			(1923, 1, 9, 33),
			(1924, 1, 10, 33),
			(1925, 1, 11, 33),
			(1926, 1, 12, 33),
			(1927, 1, 13, 33),
			(1928, 1, 14, 33),
			(1929, 1, 15, 33),
			(1930, 1, 16, 33),
			(1931, 1, 17, 33),
			(1932, 1, 18, 33),
			(1933, 1, 19, 33),
			(1934, 1, 20, 33),
			(1935, 1, 21, 33),
			(1936, 1, 22, 33),
			(1937, 1, 23, 33),
			(1938, 1, 24, 33),
			(1939, 1, 25, 33),
			(1940, 1, 26, 33),
			(1941, 1, 27, 33),
			(1942, 1, 28, 33),
			(1943, 1, 29, 33),
			(1944, 1, 30, 33),
			(1945, 1, 31, 33),
			(1946, 1, 32, 33),
			(1947, 1, 33, 33),
			(1948, 1, 34, 33),
			(1949, 1, 35, 33),
			(1950, 1, 36, 33),
			(1951, 1, 37, 33),
			(1952, 1, 38, 33),
			(1953, 1, 39, 33),
			(1954, 1, 40, 33),
			(1955, 1, 41, 33),
			(1956, 1, 42, 33),
			(1957, 1, 43, 33),
			(1958, 1, 44, 33),
			(1959, 1, 45, 33),
			(1960, 1, 46, 33),
			(1961, 1, 47, 33),
			(1962, 1, 48, 33),
			(1963, 1, 49, 33),
			(1964, 1, 50, 33),
			(1965, 1, 51, 33),
			(1966, 1, 52, 33),
			(1967, 1, 53, 33),
			(1968, 1, 54, 33),
			(1969, 1, 55, 33),
			(1970, 1, 56, 33),
			(1971, 1, 57, 33),
			(1972, 1, 0, 34),
			(1973, 1, 1, 34),
			(1974, 1, 2, 34),
			(1975, 1, 3, 34),
			(1976, 1, 4, 34),
			(1977, 1, 5, 34),
			(1978, 1, 6, 34),
			(1979, 1, 7, 34),
			(1980, 1, 8, 34),
			(1981, 1, 9, 34),
			(1982, 1, 10, 34),
			(1983, 1, 11, 34),
			(1984, 1, 12, 34),
			(1985, 1, 13, 34),
			(1986, 1, 14, 34),
			(1987, 1, 15, 34),
			(1988, 1, 16, 34),
			(1989, 1, 17, 34),
			(1990, 1, 18, 34),
			(1991, 1, 19, 34),
			(1992, 1, 20, 34),
			(1993, 1, 21, 34),
			(1994, 1, 22, 34),
			(1995, 1, 23, 34),
			(1996, 1, 24, 34),
			(1997, 1, 25, 34),
			(1998, 1, 26, 34),
			(1999, 1, 27, 34),
			(2000, 1, 28, 34),
			(2001, 1, 29, 34),
			(2002, 1, 30, 34),
			(2003, 1, 31, 34),
			(2004, 1, 32, 34),
			(2005, 1, 33, 34),
			(2006, 1, 34, 34),
			(2007, 1, 35, 34),
			(2008, 1, 36, 34),
			(2009, 1, 37, 34),
			(2010, 1, 38, 34),
			(2011, 1, 39, 34),
			(2012, 1, 40, 34),
			(2013, 1, 41, 34),
			(2014, 1, 42, 34),
			(2015, 1, 43, 34),
			(2016, 1, 44, 34),
			(2017, 1, 45, 34),
			(2018, 1, 46, 34),
			(2019, 1, 47, 34),
			(2020, 1, 48, 34),
			(2021, 1, 49, 34),
			(2022, 1, 50, 34),
			(2023, 1, 51, 34),
			(2024, 1, 52, 34),
			(2025, 1, 53, 34),
			(2026, 1, 54, 34),
			(2027, 1, 55, 34),
			(2028, 1, 56, 34),
			(2029, 1, 57, 34),
			(2030, 1, 0, 35),
			(2031, 1, 1, 35),
			(2032, 1, 2, 35),
			(2033, 1, 3, 35),
			(2034, 1, 4, 35),
			(2035, 1, 5, 35),
			(2036, 1, 6, 35),
			(2037, 1, 7, 35),
			(2038, 1, 8, 35),
			(2039, 1, 9, 35),
			(2040, 1, 10, 35),
			(2041, 1, 11, 35),
			(2042, 1, 12, 35),
			(2043, 1, 13, 35),
			(2044, 1, 14, 35),
			(2045, 1, 15, 35),
			(2046, 1, 16, 35),
			(2047, 1, 17, 35),
			(2048, 1, 18, 35),
			(2049, 1, 19, 35),
			(2050, 1, 20, 35),
			(2051, 1, 21, 35),
			(2052, 1, 22, 35),
			(2053, 1, 23, 35),
			(2054, 1, 24, 35),
			(2055, 1, 25, 35),
			(2056, 1, 26, 35),
			(2057, 1, 27, 35),
			(2058, 1, 28, 35),
			(2059, 1, 29, 35),
			(2060, 1, 30, 35),
			(2061, 1, 31, 35),
			(2062, 1, 32, 35),
			(2063, 1, 33, 35),
			(2064, 1, 34, 35),
			(2065, 1, 35, 35),
			(2066, 1, 36, 35),
			(2067, 1, 37, 35),
			(2068, 1, 38, 35),
			(2069, 1, 39, 35),
			(2070, 1, 40, 35),
			(2071, 1, 41, 35),
			(2072, 1, 42, 35),
			(2073, 1, 43, 35),
			(2074, 1, 44, 35),
			(2075, 1, 45, 35),
			(2076, 1, 46, 35),
			(2077, 1, 47, 35),
			(2078, 1, 48, 35),
			(2079, 1, 49, 35),
			(2080, 1, 50, 35),
			(2081, 1, 51, 35),
			(2082, 1, 52, 35),
			(2083, 1, 53, 35),
			(2084, 1, 54, 35),
			(2085, 1, 55, 35),
			(2086, 1, 56, 35),
			(2087, 1, 57, 35),
			(2088, 1, 0, 36),
			(2089, 1, 1, 36),
			(2090, 1, 2, 36),
			(2091, 1, 3, 36),
			(2092, 1, 4, 36),
			(2093, 1, 5, 36),
			(2094, 1, 6, 36),
			(2095, 1, 7, 36),
			(2096, 1, 8, 36),
			(2097, 1, 9, 36),
			(2098, 1, 10, 36),
			(2099, 1, 11, 36),
			(2100, 1, 12, 36),
			(2101, 1, 13, 36),
			(2102, 1, 14, 36),
			(2103, 1, 15, 36),
			(2104, 1, 16, 36),
			(2105, 1, 17, 36),
			(2106, 1, 18, 36),
			(2107, 1, 19, 36),
			(2108, 1, 20, 36),
			(2109, 1, 21, 36),
			(2110, 1, 22, 36),
			(2111, 1, 23, 36),
			(2112, 1, 24, 36),
			(2113, 1, 25, 36),
			(2114, 1, 26, 36),
			(2115, 1, 27, 36),
			(2116, 1, 28, 36),
			(2117, 1, 29, 36),
			(2118, 1, 30, 36),
			(2119, 1, 31, 36),
			(2120, 1, 32, 36),
			(2121, 1, 33, 36),
			(2122, 1, 34, 36),
			(2123, 1, 35, 36),
			(2124, 1, 36, 36),
			(2125, 1, 37, 36),
			(2126, 1, 38, 36),
			(2127, 1, 39, 36),
			(2128, 1, 40, 36),
			(2129, 1, 41, 36),
			(2130, 1, 42, 36),
			(2131, 1, 43, 36),
			(2132, 1, 44, 36),
			(2133, 1, 45, 36),
			(2134, 1, 46, 36),
			(2135, 1, 47, 36),
			(2136, 1, 48, 36),
			(2137, 1, 49, 36),
			(2138, 1, 50, 36),
			(2139, 1, 51, 36),
			(2140, 1, 52, 36),
			(2141, 1, 53, 36),
			(2142, 1, 54, 36),
			(2143, 1, 55, 36),
			(2144, 1, 56, 36),
			(2145, 1, 57, 36),
			(2146, 1, 0, 37),
			(2147, 1, 1, 37),
			(2148, 1, 2, 37),
			(2149, 1, 3, 37),
			(2150, 1, 4, 37),
			(2151, 1, 5, 37),
			(2152, 1, 6, 37),
			(2153, 1, 7, 37),
			(2154, 1, 8, 37),
			(2155, 1, 9, 37),
			(2156, 1, 10, 37),
			(2157, 1, 11, 37),
			(2158, 1, 12, 37),
			(2159, 1, 13, 37),
			(2160, 1, 14, 37),
			(2161, 1, 15, 37),
			(2162, 1, 16, 37),
			(2163, 1, 17, 37),
			(2164, 1, 18, 37),
			(2165, 1, 19, 37),
			(2166, 1, 20, 37),
			(2167, 1, 21, 37),
			(2168, 1, 22, 37),
			(2169, 1, 23, 37),
			(2170, 1, 24, 37),
			(2171, 1, 25, 37),
			(2172, 1, 26, 37),
			(2173, 1, 27, 37),
			(2174, 1, 28, 37),
			(2175, 1, 29, 37),
			(2176, 1, 30, 37),
			(2177, 1, 31, 37),
			(2178, 1, 32, 37),
			(2179, 1, 33, 37),
			(2180, 1, 34, 37),
			(2181, 1, 35, 37),
			(2182, 1, 36, 37),
			(2183, 1, 37, 37),
			(2184, 1, 38, 37),
			(2185, 1, 39, 37),
			(2186, 1, 40, 37),
			(2187, 1, 41, 37),
			(2188, 1, 42, 37),
			(2189, 1, 43, 37),
			(2190, 1, 44, 37),
			(2191, 1, 45, 37),
			(2192, 1, 46, 37),
			(2193, 1, 47, 37),
			(2194, 1, 48, 37),
			(2195, 1, 49, 37),
			(2196, 1, 50, 37),
			(2197, 1, 51, 37),
			(2198, 1, 52, 37),
			(2199, 1, 53, 37),
			(2200, 1, 54, 37),
			(2201, 1, 55, 37),
			(2202, 1, 56, 37),
			(2203, 1, 57, 37),
			(2204, 1, 0, 38),
			(2205, 1, 1, 38),
			(2206, 1, 2, 38),
			(2207, 1, 3, 38),
			(2208, 1, 4, 38),
			(2209, 1, 5, 38),
			(2210, 1, 6, 38),
			(2211, 1, 7, 38),
			(2212, 1, 8, 38),
			(2213, 1, 9, 38),
			(2214, 1, 10, 38),
			(2215, 1, 11, 38),
			(2216, 1, 12, 38),
			(2217, 1, 13, 38),
			(2218, 1, 14, 38),
			(2219, 1, 15, 38),
			(2220, 1, 16, 38),
			(2221, 1, 17, 38),
			(2222, 1, 18, 38),
			(2223, 1, 19, 38),
			(2224, 1, 20, 38),
			(2225, 1, 21, 38),
			(2226, 1, 22, 38),
			(2227, 1, 23, 38),
			(2228, 1, 24, 38),
			(2229, 1, 25, 38),
			(2230, 1, 26, 38),
			(2231, 1, 27, 38),
			(2232, 1, 28, 38),
			(2233, 1, 29, 38),
			(2234, 1, 30, 38),
			(2235, 1, 31, 38),
			(2236, 1, 32, 38),
			(2237, 1, 33, 38),
			(2238, 1, 34, 38),
			(2239, 1, 35, 38),
			(2240, 1, 36, 38),
			(2241, 1, 37, 38),
			(2242, 1, 38, 38),
			(2243, 1, 39, 38),
			(2244, 1, 40, 38),
			(2245, 1, 41, 38),
			(2246, 1, 42, 38),
			(2247, 1, 43, 38),
			(2248, 1, 44, 38),
			(2249, 1, 45, 38),
			(2250, 1, 46, 38),
			(2251, 1, 47, 38),
			(2252, 1, 48, 38),
			(2253, 1, 49, 38),
			(2254, 1, 50, 38),
			(2255, 1, 51, 38),
			(2256, 1, 52, 38),
			(2257, 1, 53, 38),
			(2258, 1, 54, 38),
			(2259, 1, 55, 38),
			(2260, 1, 56, 38),
			(2261, 1, 57, 38),
			(2262, 1, 0, 39),
			(2263, 1, 1, 39),
			(2264, 1, 2, 39),
			(2265, 1, 3, 39),
			(2266, 1, 4, 39),
			(2267, 1, 5, 39),
			(2268, 1, 6, 39),
			(2269, 1, 7, 39),
			(2270, 1, 8, 39),
			(2271, 1, 9, 39),
			(2272, 1, 10, 39),
			(2273, 1, 11, 39),
			(2274, 1, 12, 39),
			(2275, 1, 13, 39),
			(2276, 1, 14, 39),
			(2277, 1, 15, 39),
			(2278, 1, 16, 39),
			(2279, 1, 17, 39),
			(2280, 1, 18, 39),
			(2281, 1, 19, 39),
			(2282, 1, 20, 39),
			(2283, 1, 21, 39),
			(2284, 1, 22, 39),
			(2285, 1, 23, 39),
			(2286, 1, 24, 39),
			(2287, 1, 25, 39),
			(2288, 1, 26, 39),
			(2289, 1, 27, 39),
			(2290, 1, 28, 39),
			(2291, 1, 29, 39),
			(2292, 1, 30, 39),
			(2293, 1, 31, 39),
			(2294, 1, 32, 39),
			(2295, 1, 33, 39),
			(2296, 1, 34, 39),
			(2297, 1, 35, 39),
			(2298, 1, 36, 39),
			(2299, 1, 37, 39),
			(2300, 1, 38, 39),
			(2301, 1, 39, 39),
			(2302, 1, 40, 39),
			(2303, 1, 41, 39),
			(2304, 1, 42, 39),
			(2305, 1, 43, 39),
			(2306, 1, 44, 39),
			(2307, 1, 45, 39),
			(2308, 1, 46, 39),
			(2309, 1, 47, 39),
			(2310, 1, 48, 39),
			(2311, 1, 49, 39),
			(2312, 1, 50, 39),
			(2313, 1, 51, 39),
			(2314, 1, 52, 39),
			(2315, 1, 53, 39),
			(2316, 1, 54, 39),
			(2317, 1, 55, 39),
			(2318, 1, 56, 39),
			(2319, 1, 57, 39),
			(2320, 1, 0, 40),
			(2321, 1, 1, 40),
			(2322, 1, 2, 40),
			(2323, 1, 3, 40),
			(2324, 1, 4, 40),
			(2325, 1, 5, 40),
			(2326, 1, 6, 40),
			(2327, 1, 7, 40),
			(2328, 1, 8, 40),
			(2329, 1, 9, 40),
			(2330, 1, 10, 40),
			(2331, 1, 11, 40),
			(2332, 1, 12, 40),
			(2333, 1, 13, 40),
			(2334, 1, 14, 40),
			(2335, 1, 15, 40),
			(2336, 1, 16, 40),
			(2337, 1, 17, 40),
			(2338, 1, 18, 40),
			(2339, 1, 19, 40),
			(2340, 1, 20, 40),
			(2341, 1, 21, 40),
			(2342, 1, 22, 40),
			(2343, 1, 23, 40),
			(2344, 1, 24, 40),
			(2345, 1, 25, 40),
			(2346, 1, 26, 40),
			(2347, 1, 27, 40),
			(2348, 1, 28, 40),
			(2349, 1, 29, 40),
			(2350, 1, 30, 40),
			(2351, 1, 31, 40),
			(2352, 1, 32, 40),
			(2353, 1, 33, 40),
			(2354, 1, 34, 40),
			(2355, 1, 35, 40),
			(2356, 1, 36, 40),
			(2357, 1, 37, 40),
			(2358, 1, 38, 40),
			(2359, 1, 39, 40),
			(2360, 1, 40, 40),
			(2361, 1, 41, 40),
			(2362, 1, 42, 40),
			(2363, 1, 43, 40),
			(2364, 1, 44, 40),
			(2365, 1, 45, 40),
			(2366, 1, 46, 40),
			(2367, 1, 47, 40),
			(2368, 1, 48, 40),
			(2369, 1, 49, 40),
			(2370, 1, 50, 40),
			(2371, 1, 51, 40),
			(2372, 1, 52, 40),
			(2373, 1, 53, 40),
			(2374, 1, 54, 40),
			(2375, 1, 55, 40),
			(2376, 1, 56, 40),
			(2377, 1, 57, 40),
			(2378, 1, 0, 41),
			(2379, 1, 1, 41),
			(2380, 1, 2, 41),
			(2381, 1, 3, 41),
			(2382, 1, 4, 41),
			(2383, 1, 5, 41),
			(2384, 1, 6, 41),
			(2385, 1, 7, 41),
			(2386, 1, 8, 41),
			(2387, 1, 9, 41),
			(2388, 1, 10, 41),
			(2389, 1, 11, 41),
			(2390, 1, 12, 41),
			(2391, 1, 13, 41),
			(2392, 1, 14, 41),
			(2393, 1, 15, 41),
			(2394, 1, 16, 41),
			(2395, 1, 17, 41),
			(2396, 1, 18, 41),
			(2397, 1, 19, 41),
			(2398, 1, 20, 41),
			(2399, 1, 21, 41),
			(2400, 1, 22, 41),
			(2401, 1, 23, 41),
			(2402, 1, 24, 41),
			(2403, 1, 25, 41),
			(2404, 1, 26, 41),
			(2405, 1, 27, 41),
			(2406, 1, 28, 41),
			(2407, 1, 29, 41),
			(2408, 1, 30, 41),
			(2409, 1, 31, 41),
			(2410, 1, 32, 41),
			(2411, 1, 33, 41),
			(2412, 1, 34, 41),
			(2413, 1, 35, 41),
			(2414, 1, 36, 41),
			(2415, 1, 37, 41),
			(2416, 1, 38, 41),
			(2417, 1, 39, 41),
			(2418, 1, 40, 41),
			(2419, 1, 41, 41),
			(2420, 1, 42, 41),
			(2421, 1, 43, 41),
			(2422, 1, 44, 41),
			(2423, 1, 45, 41),
			(2424, 1, 46, 41),
			(2425, 1, 47, 41),
			(2426, 1, 48, 41),
			(2427, 1, 49, 41),
			(2428, 1, 50, 41),
			(2429, 1, 51, 41),
			(2430, 1, 52, 41),
			(2431, 1, 53, 41),
			(2432, 1, 54, 41),
			(2433, 1, 55, 41),
			(2434, 1, 56, 41),
			(2435, 1, 57, 41),
			(2436, 1, 0, 42),
			(2437, 1, 1, 42),
			(2438, 1, 2, 42),
			(2439, 1, 3, 42),
			(2440, 1, 4, 42),
			(2441, 1, 5, 42),
			(2442, 1, 6, 42),
			(2443, 1, 7, 42),
			(2444, 1, 8, 42),
			(2445, 1, 9, 42),
			(2446, 1, 10, 42),
			(2447, 1, 11, 42),
			(2448, 1, 12, 42),
			(2449, 1, 13, 42),
			(2450, 1, 14, 42),
			(2451, 1, 15, 42),
			(2452, 1, 16, 42),
			(2453, 1, 17, 42),
			(2454, 1, 18, 42),
			(2455, 1, 19, 42),
			(2456, 1, 20, 42),
			(2457, 1, 21, 42),
			(2458, 1, 22, 42),
			(2459, 1, 23, 42),
			(2460, 1, 24, 42),
			(2461, 1, 25, 42),
			(2462, 1, 26, 42),
			(2463, 1, 27, 42),
			(2464, 1, 28, 42),
			(2465, 1, 29, 42),
			(2466, 1, 30, 42),
			(2467, 1, 31, 42),
			(2468, 1, 32, 42),
			(2469, 1, 33, 42),
			(2470, 1, 34, 42),
			(2471, 1, 35, 42),
			(2472, 1, 36, 42),
			(2473, 1, 37, 42),
			(2474, 1, 38, 42),
			(2475, 1, 39, 42),
			(2476, 1, 40, 42),
			(2477, 1, 41, 42),
			(2478, 1, 42, 42),
			(2479, 1, 43, 42),
			(2480, 1, 44, 42),
			(2481, 1, 45, 42),
			(2482, 1, 46, 42),
			(2483, 1, 47, 42),
			(2484, 1, 48, 42),
			(2485, 1, 49, 42),
			(2486, 1, 50, 42),
			(2487, 1, 51, 42),
			(2488, 1, 52, 42),
			(2489, 1, 53, 42),
			(2490, 1, 54, 42),
			(2491, 1, 55, 42),
			(2492, 1, 56, 42),
			(2493, 1, 57, 42),
			(2494, 1, 0, 43),
			(2495, 1, 1, 43),
			(2496, 1, 2, 43),
			(2497, 1, 3, 43),
			(2498, 1, 4, 43),
			(2499, 1, 5, 43),
			(2500, 1, 6, 43),
			(2501, 1, 7, 43),
			(2502, 1, 8, 43),
			(2503, 1, 9, 43),
			(2504, 1, 10, 43),
			(2505, 1, 11, 43),
			(2506, 1, 12, 43),
			(2507, 1, 13, 43),
			(2508, 1, 14, 43),
			(2509, 1, 15, 43),
			(2510, 1, 16, 43),
			(2511, 1, 17, 43),
			(2512, 1, 18, 43),
			(2513, 1, 19, 43),
			(2514, 1, 20, 43),
			(2515, 1, 21, 43),
			(2516, 1, 22, 43),
			(2517, 1, 23, 43),
			(2518, 1, 24, 43),
			(2519, 1, 25, 43),
			(2520, 1, 26, 43),
			(2521, 1, 27, 43),
			(2522, 1, 28, 43),
			(2523, 1, 29, 43),
			(2524, 1, 30, 43),
			(2525, 1, 31, 43),
			(2526, 1, 32, 43),
			(2527, 1, 33, 43),
			(2528, 1, 34, 43),
			(2529, 1, 35, 43),
			(2530, 1, 36, 43),
			(2531, 1, 37, 43),
			(2532, 1, 38, 43),
			(2533, 1, 39, 43),
			(2534, 1, 40, 43),
			(2535, 1, 41, 43),
			(2536, 1, 42, 43),
			(2537, 1, 43, 43),
			(2538, 1, 44, 43),
			(2539, 1, 45, 43),
			(2540, 1, 46, 43),
			(2541, 1, 47, 43),
			(2542, 1, 48, 43),
			(2543, 1, 49, 43),
			(2544, 1, 50, 43),
			(2545, 1, 51, 43),
			(2546, 1, 52, 43),
			(2547, 1, 53, 43),
			(2548, 1, 54, 43),
			(2549, 1, 55, 43),
			(2550, 1, 56, 43),
			(2551, 1, 57, 43),
			(2552, 1, 0, 44),
			(2553, 1, 1, 44),
			(2554, 1, 2, 44),
			(2555, 1, 3, 44),
			(2556, 1, 4, 44),
			(2557, 1, 5, 44),
			(2558, 1, 6, 44),
			(2559, 1, 7, 44),
			(2560, 1, 8, 44),
			(2561, 1, 9, 44),
			(2562, 1, 10, 44),
			(2563, 1, 11, 44),
			(2564, 1, 12, 44),
			(2565, 1, 13, 44),
			(2566, 1, 14, 44),
			(2567, 1, 15, 44),
			(2568, 1, 16, 44),
			(2569, 1, 17, 44),
			(2570, 1, 18, 44),
			(2571, 1, 19, 44),
			(2572, 1, 20, 44),
			(2573, 1, 21, 44),
			(2574, 1, 22, 44),
			(2575, 1, 23, 44),
			(2576, 1, 24, 44),
			(2577, 1, 25, 44),
			(2578, 1, 26, 44),
			(2579, 1, 27, 44),
			(2580, 1, 28, 44),
			(2581, 1, 29, 44),
			(2582, 1, 30, 44),
			(2583, 1, 31, 44),
			(2584, 1, 32, 44),
			(2585, 1, 33, 44),
			(2586, 1, 34, 44),
			(2587, 1, 35, 44),
			(2588, 1, 36, 44),
			(2589, 1, 37, 44),
			(2590, 1, 38, 44),
			(2591, 1, 39, 44),
			(2592, 1, 40, 44),
			(2593, 1, 41, 44),
			(2594, 1, 42, 44),
			(2595, 1, 43, 44),
			(2596, 1, 44, 44),
			(2597, 1, 45, 44),
			(2598, 1, 46, 44),
			(2599, 1, 47, 44),
			(2600, 1, 48, 44),
			(2601, 1, 49, 44),
			(2602, 1, 50, 44),
			(2603, 1, 51, 44),
			(2604, 1, 52, 44),
			(2605, 1, 53, 44),
			(2606, 1, 54, 44),
			(2607, 1, 55, 44),
			(2608, 1, 56, 44),
			(2609, 1, 57, 44),
			(2610, 1, 0, 45),
			(2611, 1, 1, 45),
			(2612, 1, 2, 45),
			(2613, 1, 3, 45),
			(2614, 1, 4, 45),
			(2615, 1, 5, 45),
			(2616, 1, 6, 45),
			(2617, 1, 7, 45),
			(2618, 1, 8, 45),
			(2619, 1, 9, 45),
			(2620, 1, 10, 45),
			(2621, 1, 11, 45),
			(2622, 1, 12, 45),
			(2623, 1, 13, 45),
			(2624, 1, 14, 45),
			(2625, 1, 15, 45),
			(2626, 1, 16, 45),
			(2627, 1, 17, 45),
			(2628, 1, 18, 45),
			(2629, 1, 19, 45),
			(2630, 1, 20, 45),
			(2631, 1, 21, 45),
			(2632, 1, 22, 45),
			(2633, 1, 23, 45),
			(2634, 1, 24, 45),
			(2635, 1, 25, 45),
			(2636, 1, 26, 45),
			(2637, 1, 27, 45),
			(2638, 1, 28, 45),
			(2639, 1, 29, 45),
			(2640, 1, 30, 45),
			(2641, 1, 31, 45),
			(2642, 1, 32, 45),
			(2643, 1, 33, 45),
			(2644, 1, 34, 45),
			(2645, 1, 35, 45),
			(2646, 1, 36, 45),
			(2647, 1, 37, 45),
			(2648, 1, 38, 45),
			(2649, 1, 39, 45),
			(2650, 1, 40, 45),
			(2651, 1, 41, 45),
			(2652, 1, 42, 45),
			(2653, 1, 43, 45),
			(2654, 1, 44, 45),
			(2655, 1, 45, 45),
			(2656, 1, 46, 45),
			(2657, 1, 47, 45),
			(2658, 1, 48, 45),
			(2659, 1, 49, 45),
			(2660, 1, 50, 45),
			(2661, 1, 51, 45),
			(2662, 1, 52, 45),
			(2663, 1, 53, 45),
			(2664, 1, 54, 45),
			(2665, 1, 55, 45),
			(2666, 1, 56, 45),
			(2667, 1, 57, 45),
			(2668, 1, 0, 46),
			(2669, 1, 1, 46),
			(2670, 1, 2, 46),
			(2671, 1, 3, 46),
			(2672, 1, 4, 46),
			(2673, 1, 5, 46),
			(2674, 1, 6, 46),
			(2675, 1, 7, 46),
			(2676, 1, 8, 46),
			(2677, 1, 9, 46),
			(2678, 1, 10, 46),
			(2679, 1, 11, 46),
			(2680, 1, 12, 46),
			(2681, 1, 13, 46),
			(2682, 1, 14, 46),
			(2683, 1, 15, 46),
			(2684, 1, 16, 46),
			(2685, 1, 17, 46),
			(2686, 1, 18, 46),
			(2687, 1, 19, 46),
			(2688, 1, 20, 46),
			(2689, 1, 21, 46),
			(2690, 1, 22, 46),
			(2691, 1, 23, 46),
			(2692, 1, 24, 46),
			(2693, 1, 25, 46),
			(2694, 1, 26, 46),
			(2695, 1, 27, 46),
			(2696, 1, 28, 46),
			(2697, 1, 29, 46),
			(2698, 1, 30, 46),
			(2699, 1, 31, 46),
			(2700, 1, 32, 46),
			(2701, 1, 33, 46),
			(2702, 1, 34, 46),
			(2703, 1, 35, 46),
			(2704, 1, 36, 46),
			(2705, 1, 37, 46),
			(2706, 1, 38, 46),
			(2707, 1, 39, 46),
			(2708, 1, 40, 46),
			(2709, 1, 41, 46),
			(2710, 1, 42, 46),
			(2711, 1, 43, 46),
			(2712, 1, 44, 46),
			(2713, 1, 45, 46),
			(2714, 1, 46, 46),
			(2715, 1, 47, 46),
			(2716, 1, 48, 46),
			(2717, 1, 49, 46),
			(2718, 1, 50, 46),
			(2719, 1, 51, 46),
			(2720, 1, 52, 46),
			(2721, 1, 53, 46),
			(2722, 1, 54, 46),
			(2723, 1, 55, 46),
			(2724, 1, 56, 46),
			(2725, 1, 57, 46),
			(2726, 1, 0, 47),
			(2727, 1, 1, 47),
			(2728, 1, 2, 47),
			(2729, 1, 3, 47),
			(2730, 1, 4, 47),
			(2731, 1, 5, 47),
			(2732, 1, 6, 47),
			(2733, 1, 7, 47),
			(2734, 1, 8, 47),
			(2735, 1, 9, 47),
			(2736, 1, 10, 47),
			(2737, 1, 11, 47),
			(2738, 1, 12, 47),
			(2739, 1, 13, 47),
			(2740, 1, 14, 47),
			(2741, 1, 15, 47),
			(2742, 1, 16, 47),
			(2743, 1, 17, 47),
			(2744, 1, 18, 47),
			(2745, 1, 19, 47),
			(2746, 1, 20, 47),
			(2747, 1, 21, 47),
			(2748, 1, 22, 47),
			(2749, 1, 23, 47),
			(2750, 1, 24, 47),
			(2751, 1, 25, 47),
			(2752, 1, 26, 47),
			(2753, 1, 27, 47),
			(2754, 1, 28, 47),
			(2755, 1, 29, 47),
			(2756, 1, 30, 47),
			(2757, 1, 31, 47),
			(2758, 1, 32, 47),
			(2759, 1, 33, 47),
			(2760, 1, 34, 47),
			(2761, 1, 35, 47),
			(2762, 1, 36, 47),
			(2763, 1, 37, 47),
			(2764, 1, 38, 47),
			(2765, 1, 39, 47),
			(2766, 1, 40, 47),
			(2767, 1, 41, 47),
			(2768, 1, 42, 47),
			(2769, 1, 43, 47),
			(2770, 1, 44, 47),
			(2771, 1, 45, 47),
			(2772, 1, 46, 47),
			(2773, 1, 47, 47),
			(2774, 1, 48, 47),
			(2775, 1, 49, 47),
			(2776, 1, 50, 47),
			(2777, 1, 51, 47),
			(2778, 1, 52, 47),
			(2779, 1, 53, 47),
			(2780, 1, 54, 47),
			(2781, 1, 55, 47),
			(2782, 1, 56, 47),
			(2783, 1, 57, 47),
			(2784, 1, 0, 48),
			(2785, 1, 1, 48),
			(2786, 1, 2, 48),
			(2787, 1, 3, 48),
			(2788, 1, 4, 48),
			(2789, 1, 5, 48),
			(2790, 1, 6, 48),
			(2791, 1, 7, 48),
			(2792, 1, 8, 48),
			(2793, 1, 9, 48),
			(2794, 1, 10, 48),
			(2795, 1, 11, 48),
			(2796, 1, 12, 48),
			(2797, 1, 13, 48),
			(2798, 1, 14, 48),
			(2799, 1, 15, 48),
			(2800, 1, 16, 48),
			(2801, 1, 17, 48),
			(2802, 1, 18, 48),
			(2803, 1, 19, 48),
			(2804, 1, 20, 48),
			(2805, 1, 21, 48),
			(2806, 1, 22, 48),
			(2807, 1, 23, 48),
			(2808, 1, 24, 48),
			(2809, 1, 25, 48),
			(2810, 1, 26, 48),
			(2811, 1, 27, 48),
			(2812, 1, 28, 48),
			(2813, 1, 29, 48),
			(2814, 1, 30, 48),
			(2815, 1, 31, 48),
			(2816, 1, 32, 48),
			(2817, 1, 33, 48),
			(2818, 1, 34, 48),
			(2819, 1, 35, 48),
			(2820, 1, 36, 48),
			(2821, 1, 37, 48),
			(2822, 1, 38, 48),
			(2823, 1, 39, 48),
			(2824, 1, 40, 48),
			(2825, 1, 41, 48),
			(2826, 1, 42, 48),
			(2827, 1, 43, 48),
			(2828, 1, 44, 48),
			(2829, 1, 45, 48),
			(2830, 1, 46, 48),
			(2831, 1, 47, 48),
			(2832, 1, 48, 48),
			(2833, 1, 49, 48),
			(2834, 1, 50, 48),
			(2835, 1, 51, 48),
			(2836, 1, 52, 48),
			(2837, 1, 53, 48),
			(2838, 1, 54, 48),
			(2839, 1, 55, 48),
			(2840, 1, 56, 48),
			(2841, 1, 57, 48),
			(2842, 1, 0, 49),
			(2843, 1, 1, 49),
			(2844, 1, 2, 49),
			(2845, 1, 3, 49),
			(2846, 1, 4, 49),
			(2847, 1, 5, 49),
			(2848, 1, 6, 49),
			(2849, 1, 7, 49),
			(2850, 1, 8, 49),
			(2851, 1, 9, 49),
			(2852, 1, 10, 49),
			(2853, 1, 11, 49),
			(2854, 1, 12, 49),
			(2855, 1, 13, 49),
			(2856, 1, 14, 49),
			(2857, 1, 15, 49),
			(2858, 1, 16, 49),
			(2859, 1, 17, 49),
			(2860, 1, 18, 49),
			(2861, 1, 19, 49),
			(2862, 1, 20, 49),
			(2863, 1, 21, 49),
			(2864, 1, 22, 49),
			(2865, 1, 23, 49),
			(2866, 1, 24, 49),
			(2867, 1, 25, 49),
			(2868, 1, 26, 49),
			(2869, 1, 27, 49),
			(2870, 1, 28, 49),
			(2871, 1, 29, 49),
			(2872, 1, 30, 49),
			(2873, 1, 31, 49),
			(2874, 1, 32, 49),
			(2875, 1, 33, 49),
			(2876, 1, 34, 49),
			(2877, 1, 35, 49),
			(2878, 1, 36, 49),
			(2879, 1, 37, 49),
			(2880, 1, 38, 49),
			(2881, 1, 39, 49),
			(2882, 1, 40, 49),
			(2883, 1, 41, 49),
			(2884, 1, 42, 49),
			(2885, 1, 43, 49),
			(2886, 1, 44, 49),
			(2887, 1, 45, 49),
			(2888, 1, 46, 49),
			(2889, 1, 47, 49),
			(2890, 1, 48, 49),
			(2891, 1, 49, 49),
			(2892, 1, 50, 49),
			(2893, 1, 51, 49),
			(2894, 1, 52, 49),
			(2895, 1, 53, 49),
			(2896, 1, 54, 49),
			(2897, 1, 55, 49),
			(2898, 1, 56, 49),
			(2899, 1, 57, 49),
			(2900, 1, 0, 50),
			(2901, 1, 1, 50),
			(2902, 1, 2, 50),
			(2903, 1, 3, 50),
			(2904, 1, 4, 50),
			(2905, 1, 5, 50),
			(2906, 1, 6, 50),
			(2907, 1, 7, 50),
			(2908, 1, 8, 50),
			(2909, 1, 9, 50),
			(2910, 1, 10, 50),
			(2911, 1, 11, 50),
			(2912, 1, 12, 50),
			(2913, 1, 13, 50),
			(2914, 1, 14, 50),
			(2915, 1, 15, 50),
			(2916, 1, 16, 50),
			(2917, 1, 17, 50),
			(2918, 1, 18, 50),
			(2919, 1, 19, 50),
			(2920, 1, 20, 50),
			(2921, 1, 21, 50),
			(2922, 1, 22, 50),
			(2923, 1, 23, 50),
			(2924, 1, 24, 50),
			(2925, 1, 25, 50),
			(2926, 1, 26, 50),
			(2927, 1, 27, 50),
			(2928, 1, 28, 50),
			(2929, 1, 29, 50),
			(2930, 1, 30, 50),
			(2931, 1, 31, 50),
			(2932, 1, 32, 50),
			(2933, 1, 33, 50),
			(2934, 1, 34, 50),
			(2935, 1, 35, 50),
			(2936, 1, 36, 50),
			(2937, 1, 37, 50),
			(2938, 1, 38, 50),
			(2939, 1, 39, 50),
			(2940, 1, 40, 50),
			(2941, 1, 41, 50),
			(2942, 1, 42, 50),
			(2943, 1, 43, 50),
			(2944, 1, 44, 50),
			(2945, 1, 45, 50),
			(2946, 1, 46, 50),
			(2947, 1, 47, 50),
			(2948, 1, 48, 50),
			(2949, 1, 49, 50),
			(2950, 1, 50, 50),
			(2951, 1, 51, 50),
			(2952, 1, 52, 50),
			(2953, 1, 53, 50),
			(2954, 1, 54, 50),
			(2955, 1, 55, 50),
			(2956, 1, 56, 50),
			(2957, 1, 57, 50),
            (2958, 2, 0, 0),
			(2959, 2, 1, 0),
			(2960, 2, 2, 0),
			(2961, 2, 3, 0),
			(2962, 2, 4, 0),
			(2963, 2, 5, 0),
			(2964, 2, 6, 0),
			(2965, 2, 7, 0),
			(2966, 2, 8, 0),
			(2967, 2, 9, 0),
			(2968, 2, 10, 0),
			(2969, 2, 11, 0),
			(2970, 2, 12, 0),
			(2971, 2, 13, 0),
			(2972, 2, 14, 0),
			(2973, 2, 15, 0),
			(2974, 2, 16, 0),
			(2975, 2, 17, 0),
			(2976, 2, 18, 0),
			(2977, 2, 19, 0),
			(2978, 2, 20, 0),
			(2979, 2, 21, 0),
			(2980, 2, 22, 0),
			(2981, 2, 23, 0),
			(2982, 2, 24, 0),
			(2983, 2, 25, 0),
			(2984, 2, 26, 0),
			(2985, 2, 27, 0),
			(2986, 2, 28, 0),
			(2987, 2, 29, 0),
			(2988, 2, 30, 0),
			(2989, 2, 31, 0),
			(2990, 2, 32, 0),
			(2991, 2, 33, 0),
			(2992, 2, 34, 0),
			(2993, 2, 35, 0),
			(2994, 2, 36, 0),
			(2995, 2, 37, 0),
			(2996, 2, 38, 0),
			(2997, 2, 39, 0),
			(2998, 2, 40, 0),
			(2999, 2, 41, 0),
			(3000, 2, 42, 0),
			(3001, 2, 43, 0),
			(3002, 2, 44, 0),
			(3003, 2, 45, 0),
			(3004, 2, 46, 0),
			(3005, 2, 47, 0),
			(3006, 2, 48, 0),
			(3007, 2, 49, 0),
			(3008, 2, 50, 0),
			(3009, 2, 51, 0),
			(3010, 2, 52, 0),
			(3011, 2, 53, 0),
			(3012, 2, 54, 0),
			(3013, 2, 55, 0),
			(3014, 2, 56, 0),
			(3015, 2, 57, 0),
			(3016, 2, 0, 1),
			(3017, 2, 1, 1),
			(3018, 2, 2, 1),
			(3019, 2, 3, 1),
			(3020, 2, 4, 1),
			(3021, 2, 5, 1),
			(3022, 2, 6, 1),
			(3023, 2, 7, 1),
			(3024, 2, 8, 1),
			(3025, 2, 9, 1),
			(3026, 2, 10, 1),
			(3027, 2, 11, 1),
			(3028, 2, 12, 1),
			(3029, 2, 13, 1),
			(3030, 2, 14, 1),
			(3031, 2, 15, 1),
			(3032, 2, 16, 1),
			(3033, 2, 17, 1),
			(3034, 2, 18, 1),
			(3035, 2, 19, 1),
			(3036, 2, 20, 1),
			(3037, 2, 21, 1),
			(3038, 2, 22, 1),
			(3039, 2, 23, 1),
			(3040, 2, 24, 1),
			(3041, 2, 25, 1),
			(3042, 2, 26, 1),
			(3043, 2, 27, 1),
			(3044, 2, 28, 1),
			(3045, 2, 29, 1),
			(3046, 2, 30, 1),
			(3047, 2, 31, 1),
			(3048, 2, 32, 1),
			(3049, 2, 33, 1),
			(3050, 2, 34, 1),
			(3051, 2, 35, 1),
			(3052, 2, 36, 1),
			(3053, 2, 37, 1),
			(3054, 2, 38, 1),
			(3055, 2, 39, 1),
			(3056, 2, 40, 1),
			(3057, 2, 41, 1),
			(3058, 2, 42, 1),
			(3059, 2, 43, 1),
			(3060, 2, 44, 1),
			(3061, 2, 45, 1),
			(3062, 2, 46, 1),
			(3063, 2, 47, 1),
			(3064, 2, 48, 1),
			(3065, 2, 49, 1),
			(3066, 2, 50, 1),
			(3067, 2, 51, 1),
			(3068, 2, 52, 1),
			(3069, 2, 53, 1),
			(3070, 2, 54, 1),
			(3071, 2, 55, 1),
			(3072, 2, 56, 1),
			(3073, 2, 57, 1),
			(3074, 2, 0, 2),
			(3075, 2, 1, 2),
			(3076, 2, 2, 2),
			(3077, 2, 3, 2),
			(3078, 2, 4, 2),
			(3079, 2, 5, 2),
			(3080, 2, 6, 2),
			(3081, 2, 7, 2),
			(3082, 2, 8, 2),
			(3083, 2, 9, 2),
			(3084, 2, 10, 2),
			(3085, 2, 11, 2),
			(3086, 2, 12, 2),
			(3087, 2, 13, 2),
			(3088, 2, 14, 2),
			(3089, 2, 15, 2),
			(3090, 2, 16, 2),
			(3091, 2, 17, 2),
			(3092, 2, 18, 2),
			(3093, 2, 19, 2),
			(3094, 2, 20, 2),
			(3095, 2, 21, 2),
			(3096, 2, 22, 2),
			(3097, 2, 23, 2),
			(3098, 2, 24, 2),
			(3099, 2, 25, 2),
			(3100, 2, 26, 2),
			(3101, 2, 27, 2),
			(3102, 2, 28, 2),
			(3103, 2, 29, 2),
			(3104, 2, 30, 2),
			(3105, 2, 31, 2),
			(3106, 2, 32, 2),
			(3107, 2, 33, 2),
			(3108, 2, 34, 2),
			(3109, 2, 35, 2),
			(3110, 2, 36, 2),
			(3111, 2, 37, 2),
			(3112, 2, 38, 2),
			(3113, 2, 39, 2),
			(3114, 2, 40, 2),
			(3115, 2, 41, 2),
			(3116, 2, 42, 2),
			(3117, 2, 43, 2),
			(3118, 2, 44, 2),
			(3119, 2, 45, 2),
			(3120, 2, 46, 2),
			(3121, 2, 47, 2),
			(3122, 2, 48, 2),
			(3123, 2, 49, 2),
			(3124, 2, 50, 2),
			(3125, 2, 51, 2),
			(3126, 2, 52, 2),
			(3127, 2, 53, 2),
			(3128, 2, 54, 2),
			(3129, 2, 55, 2),
			(3130, 2, 56, 2),
			(3131, 2, 57, 2),
			(3132, 2, 0, 3),
			(3133, 2, 1, 3),
			(3134, 2, 2, 3),
			(3135, 2, 3, 3),
			(3136, 2, 4, 3),
			(3137, 2, 5, 3),
			(3138, 2, 6, 3),
			(3139, 2, 7, 3),
			(3140, 2, 8, 3),
			(3141, 2, 9, 3),
			(3142, 2, 10, 3),
			(3143, 2, 11, 3),
			(3144, 2, 12, 3),
			(3145, 2, 13, 3),
			(3146, 2, 14, 3),
			(3147, 2, 15, 3),
			(3148, 2, 16, 3),
			(3149, 2, 17, 3),
			(3150, 2, 18, 3),
			(3151, 2, 19, 3),
			(3152, 2, 20, 3),
			(3153, 2, 21, 3),
			(3154, 2, 22, 3),
			(3155, 2, 23, 3),
			(3156, 2, 24, 3),
			(3157, 2, 25, 3),
			(3158, 2, 26, 3),
			(3159, 2, 27, 3),
			(3160, 2, 28, 3),
			(3161, 2, 29, 3),
			(3162, 2, 30, 3),
			(3163, 2, 31, 3),
			(3164, 2, 32, 3),
			(3165, 2, 33, 3),
			(3166, 2, 34, 3),
			(3167, 2, 35, 3),
			(3168, 2, 36, 3),
			(3169, 2, 37, 3),
			(3170, 2, 38, 3),
			(3171, 2, 39, 3),
			(3172, 2, 40, 3),
			(3173, 2, 41, 3),
			(3174, 2, 42, 3),
			(3175, 2, 43, 3),
			(3176, 2, 44, 3),
			(3177, 2, 45, 3),
			(3178, 2, 46, 3),
			(3179, 2, 47, 3),
			(3180, 2, 48, 3),
			(3181, 2, 49, 3),
			(3182, 2, 50, 3),
			(3183, 2, 51, 3),
			(3184, 2, 52, 3),
			(3185, 2, 53, 3),
			(3186, 2, 54, 3),
			(3187, 2, 55, 3),
			(3188, 2, 56, 3),
			(3189, 2, 57, 3),
			(3190, 2, 0, 4),
			(3191, 2, 1, 4),
			(3192, 2, 2, 4),
			(3193, 2, 3, 4),
			(3194, 2, 4, 4),
			(3195, 2, 5, 4),
			(3196, 2, 6, 4),
			(3197, 2, 7, 4),
			(3198, 2, 8, 4),
			(3199, 2, 9, 4),
			(3200, 2, 10, 4),
			(3201, 2, 11, 4),
			(3202, 2, 12, 4),
			(3203, 2, 13, 4),
			(3204, 2, 14, 4),
			(3205, 2, 15, 4),
			(3206, 2, 16, 4),
			(3207, 2, 17, 4),
			(3208, 2, 18, 4),
			(3209, 2, 19, 4),
			(3210, 2, 20, 4),
			(3211, 2, 21, 4),
			(3212, 2, 22, 4),
			(3213, 2, 23, 4),
			(3214, 2, 24, 4),
			(3215, 2, 25, 4),
			(3216, 2, 26, 4),
			(3217, 2, 27, 4),
			(3218, 2, 28, 4),
			(3219, 2, 29, 4),
			(3220, 2, 30, 4),
			(3221, 2, 31, 4),
			(3222, 2, 32, 4),
			(3223, 2, 33, 4),
			(3224, 2, 34, 4),
			(3225, 2, 35, 4),
			(3226, 2, 36, 4),
			(3227, 2, 37, 4),
			(3228, 2, 38, 4),
			(3229, 2, 39, 4),
			(3230, 2, 40, 4),
			(3231, 2, 41, 4),
			(3232, 2, 42, 4),
			(3233, 2, 43, 4),
			(3234, 2, 44, 4),
			(3235, 2, 45, 4),
			(3236, 2, 46, 4),
			(3237, 2, 47, 4),
			(3238, 2, 48, 4),
			(3239, 2, 49, 4),
			(3240, 2, 50, 4),
			(3241, 2, 51, 4),
			(3242, 2, 52, 4),
			(3243, 2, 53, 4),
			(3244, 2, 54, 4),
			(3245, 2, 55, 4),
			(3246, 2, 56, 4),
			(3247, 2, 57, 4),
			(3248, 2, 0, 5),
			(3249, 2, 1, 5),
			(3250, 2, 2, 5),
			(3251, 2, 3, 5),
			(3252, 2, 4, 5),
			(3253, 2, 5, 5),
			(3254, 2, 6, 5),
			(3255, 2, 7, 5),
			(3256, 2, 8, 5),
			(3257, 2, 9, 5),
			(3258, 2, 10, 5),
			(3259, 2, 11, 5),
			(3260, 2, 12, 5),
			(3261, 2, 13, 5),
			(3262, 2, 14, 5),
			(3263, 2, 15, 5),
			(3264, 2, 16, 5),
			(3265, 2, 17, 5),
			(3266, 2, 18, 5),
			(3267, 2, 19, 5),
			(3268, 2, 20, 5),
			(3269, 2, 21, 5),
			(3270, 2, 22, 5),
			(3271, 2, 23, 5),
			(3272, 2, 24, 5),
			(3273, 2, 25, 5),
			(3274, 2, 26, 5),
			(3275, 2, 27, 5),
			(3276, 2, 28, 5),
			(3277, 2, 29, 5),
			(3278, 2, 30, 5),
			(3279, 2, 31, 5),
			(3280, 2, 32, 5),
			(3281, 2, 33, 5),
			(3282, 2, 34, 5),
			(3283, 2, 35, 5),
			(3284, 2, 36, 5),
			(3285, 2, 37, 5),
			(3286, 2, 38, 5),
			(3287, 2, 39, 5),
			(3288, 2, 40, 5),
			(3289, 2, 41, 5),
			(3290, 2, 42, 5),
			(3291, 2, 43, 5),
			(3292, 2, 44, 5),
			(3293, 2, 45, 5),
			(3294, 2, 46, 5),
			(3295, 2, 47, 5),
			(3296, 2, 48, 5),
			(3297, 2, 49, 5),
			(3298, 2, 50, 5),
			(3299, 2, 51, 5),
			(3300, 2, 52, 5),
			(3301, 2, 53, 5),
			(3302, 2, 54, 5),
			(3303, 2, 55, 5),
			(3304, 2, 56, 5),
			(3305, 2, 57, 5),
			(3306, 2, 0, 6),
			(3307, 2, 1, 6),
			(3308, 2, 2, 6),
			(3309, 2, 3, 6),
			(3310, 2, 4, 6),
			(3311, 2, 5, 6),
			(3312, 2, 6, 6),
			(3313, 2, 7, 6),
			(3314, 2, 8, 6),
			(3315, 2, 9, 6),
			(3316, 2, 10, 6),
			(3317, 2, 11, 6),
			(3318, 2, 12, 6),
			(3319, 2, 13, 6),
			(3320, 2, 14, 6),
			(3321, 2, 15, 6),
			(3322, 2, 16, 6),
			(3323, 2, 17, 6),
			(3324, 2, 18, 6),
			(3325, 2, 19, 6),
			(3326, 2, 20, 6),
			(3327, 2, 21, 6),
			(3328, 2, 22, 6),
			(3329, 2, 23, 6),
			(3330, 2, 24, 6),
			(3331, 2, 25, 6),
			(3332, 2, 26, 6),
			(3333, 2, 27, 6),
			(3334, 2, 28, 6),
			(3335, 2, 29, 6),
			(3336, 2, 30, 6),
			(3337, 2, 31, 6),
			(3338, 2, 32, 6),
			(3339, 2, 33, 6),
			(3340, 2, 34, 6),
			(3341, 2, 35, 6),
			(3342, 2, 36, 6),
			(3343, 2, 37, 6),
			(3344, 2, 38, 6),
			(3345, 2, 39, 6),
			(3346, 2, 40, 6),
			(3347, 2, 41, 6),
			(3348, 2, 42, 6),
			(3349, 2, 43, 6),
			(3350, 2, 44, 6),
			(3351, 2, 45, 6),
			(3352, 2, 46, 6),
			(3353, 2, 47, 6),
			(3354, 2, 48, 6),
			(3355, 2, 49, 6),
			(3356, 2, 50, 6),
			(3357, 2, 51, 6),
			(3358, 2, 52, 6),
			(3359, 2, 53, 6),
			(3360, 2, 54, 6),
			(3361, 2, 55, 6),
			(3362, 2, 56, 6),
			(3363, 2, 57, 6),
			(3364, 2, 0, 7),
			(3365, 2, 1, 7),
			(3366, 2, 2, 7),
			(3367, 2, 3, 7),
			(3368, 2, 4, 7),
			(3369, 2, 5, 7),
			(3370, 2, 6, 7),
			(3371, 2, 7, 7),
			(3372, 2, 8, 7),
			(3373, 2, 9, 7),
			(3374, 2, 10, 7),
			(3375, 2, 11, 7),
			(3376, 2, 12, 7),
			(3377, 2, 13, 7),
			(3378, 2, 14, 7),
			(3379, 2, 15, 7),
			(3380, 2, 16, 7),
			(3381, 2, 17, 7),
			(3382, 2, 18, 7),
			(3383, 2, 19, 7),
			(3384, 2, 20, 7),
			(3385, 2, 21, 7),
			(3386, 2, 22, 7),
			(3387, 2, 23, 7),
			(3388, 2, 24, 7),
			(3389, 2, 25, 7),
			(3390, 2, 26, 7),
			(3391, 2, 27, 7),
			(3392, 2, 28, 7),
			(3393, 2, 29, 7),
			(3394, 2, 30, 7),
			(3395, 2, 31, 7),
			(3396, 2, 32, 7),
			(3397, 2, 33, 7),
			(3398, 2, 34, 7),
			(3399, 2, 35, 7),
			(3400, 2, 36, 7),
			(3401, 2, 37, 7),
			(3402, 2, 38, 7),
			(3403, 2, 39, 7),
			(3404, 2, 40, 7),
			(3405, 2, 41, 7),
			(3406, 2, 42, 7),
			(3407, 2, 43, 7),
			(3408, 2, 44, 7),
			(3409, 2, 45, 7),
			(3410, 2, 46, 7),
			(3411, 2, 47, 7),
			(3412, 2, 48, 7),
			(3413, 2, 49, 7),
			(3414, 2, 50, 7),
			(3415, 2, 51, 7),
			(3416, 2, 52, 7),
			(3417, 2, 53, 7),
			(3418, 2, 54, 7),
			(3419, 2, 55, 7),
			(3420, 2, 56, 7),
			(3421, 2, 57, 7),
			(3422, 2, 0, 8),
			(3423, 2, 1, 8),
			(3424, 2, 2, 8),
			(3425, 2, 3, 8),
			(3426, 2, 4, 8),
			(3427, 2, 5, 8),
			(3428, 2, 6, 8),
			(3429, 2, 7, 8),
			(3430, 2, 8, 8),
			(3431, 2, 9, 8),
			(3432, 2, 10, 8),
			(3433, 2, 11, 8),
			(3434, 2, 12, 8),
			(3435, 2, 13, 8),
			(3436, 2, 14, 8),
			(3437, 2, 15, 8),
			(3438, 2, 16, 8),
			(3439, 2, 17, 8),
			(3440, 2, 18, 8),
			(3441, 2, 19, 8),
			(3442, 2, 20, 8),
			(3443, 2, 21, 8),
			(3444, 2, 22, 8),
			(3445, 2, 23, 8),
			(3446, 2, 24, 8),
			(3447, 2, 25, 8),
			(3448, 2, 26, 8),
			(3449, 2, 27, 8),
			(3450, 2, 28, 8),
			(3451, 2, 29, 8),
			(3452, 2, 30, 8),
			(3453, 2, 31, 8),
			(3454, 2, 32, 8),
			(3455, 2, 33, 8),
			(3456, 2, 34, 8),
			(3457, 2, 35, 8),
			(3458, 2, 36, 8),
			(3459, 2, 37, 8),
			(3460, 2, 38, 8),
			(3461, 2, 39, 8),
			(3462, 2, 40, 8),
			(3463, 2, 41, 8),
			(3464, 2, 42, 8),
			(3465, 2, 43, 8),
			(3466, 2, 44, 8),
			(3467, 2, 45, 8),
			(3468, 2, 46, 8),
			(3469, 2, 47, 8),
			(3470, 2, 48, 8),
			(3471, 2, 49, 8),
			(3472, 2, 50, 8),
			(3473, 2, 51, 8),
			(3474, 2, 52, 8),
			(3475, 2, 53, 8),
			(3476, 2, 54, 8),
			(3477, 2, 55, 8),
			(3478, 2, 56, 8),
			(3479, 2, 57, 8),
			(3480, 2, 0, 9),
			(3481, 2, 1, 9),
			(3482, 2, 2, 9),
			(3483, 2, 3, 9),
			(3484, 2, 4, 9),
			(3485, 2, 5, 9),
			(3486, 2, 6, 9),
			(3487, 2, 7, 9),
			(3488, 2, 8, 9),
			(3489, 2, 9, 9),
			(3490, 2, 10, 9),
			(3491, 2, 11, 9),
			(3492, 2, 12, 9),
			(3493, 2, 13, 9),
			(3494, 2, 14, 9),
			(3495, 2, 15, 9),
			(3496, 2, 16, 9),
			(3497, 2, 17, 9),
			(3498, 2, 18, 9),
			(3499, 2, 19, 9),
			(3500, 2, 20, 9),
			(3501, 2, 21, 9),
			(3502, 2, 22, 9),
			(3503, 2, 23, 9),
			(3504, 2, 24, 9),
			(3505, 2, 25, 9),
			(3506, 2, 26, 9),
			(3507, 2, 27, 9),
			(3508, 2, 28, 9),
			(3509, 2, 29, 9),
			(3510, 2, 30, 9),
			(3511, 2, 31, 9),
			(3512, 2, 32, 9),
			(3513, 2, 33, 9),
			(3514, 2, 34, 9),
			(3515, 2, 35, 9),
			(3516, 2, 36, 9),
			(3517, 2, 37, 9),
			(3518, 2, 38, 9),
			(3519, 2, 39, 9),
			(3520, 2, 40, 9),
			(3521, 2, 41, 9),
			(3522, 2, 42, 9),
			(3523, 2, 43, 9),
			(3524, 2, 44, 9),
			(3525, 2, 45, 9),
			(3526, 2, 46, 9),
			(3527, 2, 47, 9),
			(3528, 2, 48, 9),
			(3529, 2, 49, 9),
			(3530, 2, 50, 9),
			(3531, 2, 51, 9),
			(3532, 2, 52, 9),
			(3533, 2, 53, 9),
			(3534, 2, 54, 9),
			(3535, 2, 55, 9),
			(3536, 2, 56, 9),
			(3537, 2, 57, 9),
			(3538, 2, 0, 10),
			(3539, 2, 1, 10),
			(3540, 2, 2, 10),
			(3541, 2, 3, 10),
			(3542, 2, 4, 10),
			(3543, 2, 5, 10),
			(3544, 2, 6, 10),
			(3545, 2, 7, 10),
			(3546, 2, 8, 10),
			(3547, 2, 9, 10),
			(3548, 2, 10, 10),
			(3549, 2, 11, 10),
			(3550, 2, 12, 10),
			(3551, 2, 13, 10),
			(3552, 2, 14, 10),
			(3553, 2, 15, 10),
			(3554, 2, 16, 10),
			(3555, 2, 17, 10),
			(3556, 2, 18, 10),
			(3557, 2, 19, 10),
			(3558, 2, 20, 10),
			(3559, 2, 21, 10),
			(3560, 2, 22, 10),
			(3561, 2, 23, 10),
			(3562, 2, 24, 10),
			(3563, 2, 25, 10),
			(3564, 2, 26, 10),
			(3565, 2, 27, 10),
			(3566, 2, 28, 10),
			(3567, 2, 29, 10),
			(3568, 2, 30, 10),
			(3569, 2, 31, 10),
			(3570, 2, 32, 10),
			(3571, 2, 33, 10),
			(3572, 2, 34, 10),
			(3573, 2, 35, 10),
			(3574, 2, 36, 10),
			(3575, 2, 37, 10),
			(3576, 2, 38, 10),
			(3577, 2, 39, 10),
			(3578, 2, 40, 10),
			(3579, 2, 41, 10),
			(3580, 2, 42, 10),
			(3581, 2, 43, 10),
			(3582, 2, 44, 10),
			(3583, 2, 45, 10),
			(3584, 2, 46, 10),
			(3585, 2, 47, 10),
			(3586, 2, 48, 10),
			(3587, 2, 49, 10),
			(3588, 2, 50, 10),
			(3589, 2, 51, 10),
			(3590, 2, 52, 10),
			(3591, 2, 53, 10),
			(3592, 2, 54, 10),
			(3593, 2, 55, 10),
			(3594, 2, 56, 10),
			(3595, 2, 57, 10),
			(3596, 2, 0, 11),
			(3597, 2, 1, 11),
			(3598, 2, 2, 11),
			(3599, 2, 3, 11),
			(3600, 2, 4, 11),
			(3601, 2, 5, 11),
			(3602, 2, 6, 11),
			(3603, 2, 7, 11),
			(3604, 2, 8, 11),
			(3605, 2, 9, 11),
			(3606, 2, 10, 11),
			(3607, 2, 11, 11),
			(3608, 2, 12, 11),
			(3609, 2, 13, 11),
			(3610, 2, 14, 11),
			(3611, 2, 15, 11),
			(3612, 2, 16, 11),
			(3613, 2, 17, 11),
			(3614, 2, 18, 11),
			(3615, 2, 19, 11),
			(3616, 2, 20, 11),
			(3617, 2, 21, 11),
			(3618, 2, 22, 11),
			(3619, 2, 23, 11),
			(3620, 2, 24, 11),
			(3621, 2, 25, 11),
			(3622, 2, 26, 11),
			(3623, 2, 27, 11),
			(3624, 2, 28, 11),
			(3625, 2, 29, 11),
			(3626, 2, 30, 11),
			(3627, 2, 31, 11),
			(3628, 2, 32, 11),
			(3629, 2, 33, 11),
			(3630, 2, 34, 11),
			(3631, 2, 35, 11),
			(3632, 2, 36, 11),
			(3633, 2, 37, 11),
			(3634, 2, 38, 11),
			(3635, 2, 39, 11),
			(3636, 2, 40, 11),
			(3637, 2, 41, 11),
			(3638, 2, 42, 11),
			(3639, 2, 43, 11),
			(3640, 2, 44, 11),
			(3641, 2, 45, 11),
			(3642, 2, 46, 11),
			(3643, 2, 47, 11),
			(3644, 2, 48, 11),
			(3645, 2, 49, 11),
			(3646, 2, 50, 11),
			(3647, 2, 51, 11),
			(3648, 2, 52, 11),
			(3649, 2, 53, 11),
			(3650, 2, 54, 11),
			(3651, 2, 55, 11),
			(3652, 2, 56, 11),
			(3653, 2, 57, 11),
			(3654, 2, 0, 12),
			(3655, 2, 1, 12),
			(3656, 2, 2, 12),
			(3657, 2, 3, 12),
			(3658, 2, 4, 12),
			(3659, 2, 5, 12),
			(3660, 2, 6, 12),
			(3661, 2, 7, 12),
			(3662, 2, 8, 12),
			(3663, 2, 9, 12),
			(3664, 2, 10, 12),
			(3665, 2, 11, 12),
			(3666, 2, 12, 12),
			(3667, 2, 13, 12),
			(3668, 2, 14, 12),
			(3669, 2, 15, 12),
			(3670, 2, 16, 12),
			(3671, 2, 17, 12),
			(3672, 2, 18, 12),
			(3673, 2, 19, 12),
			(3674, 2, 20, 12),
			(3675, 2, 21, 12),
			(3676, 2, 22, 12),
			(3677, 2, 23, 12),
			(3678, 2, 24, 12),
			(3679, 2, 25, 12),
			(3680, 2, 26, 12),
			(3681, 2, 27, 12),
			(3682, 2, 28, 12),
			(3683, 2, 29, 12),
			(3684, 2, 30, 12),
			(3685, 2, 31, 12),
			(3686, 2, 32, 12),
			(3687, 2, 33, 12),
			(3688, 2, 34, 12),
			(3689, 2, 35, 12),
			(3690, 2, 36, 12),
			(3691, 2, 37, 12),
			(3692, 2, 38, 12),
			(3693, 2, 39, 12),
			(3694, 2, 40, 12),
			(3695, 2, 41, 12),
			(3696, 2, 42, 12),
			(3697, 2, 43, 12),
			(3698, 2, 44, 12),
			(3699, 2, 45, 12),
			(3700, 2, 46, 12),
			(3701, 2, 47, 12),
			(3702, 2, 48, 12),
			(3703, 2, 49, 12),
			(3704, 2, 50, 12),
			(3705, 2, 51, 12),
			(3706, 2, 52, 12),
			(3707, 2, 53, 12),
			(3708, 2, 54, 12),
			(3709, 2, 55, 12),
			(3710, 2, 56, 12),
			(3711, 2, 57, 12),
			(3712, 2, 0, 13),
			(3713, 2, 1, 13),
			(3714, 2, 2, 13),
			(3715, 2, 3, 13),
			(3716, 2, 4, 13),
			(3717, 2, 5, 13),
			(3718, 2, 6, 13),
			(3719, 2, 7, 13),
			(3720, 2, 8, 13),
			(3721, 2, 9, 13),
			(3722, 2, 10, 13),
			(3723, 2, 11, 13),
			(3724, 2, 12, 13),
			(3725, 2, 13, 13),
			(3726, 2, 14, 13),
			(3727, 2, 15, 13),
			(3728, 2, 16, 13),
			(3729, 2, 17, 13),
			(3730, 2, 18, 13),
			(3731, 2, 19, 13),
			(3732, 2, 20, 13),
			(3733, 2, 21, 13),
			(3734, 2, 22, 13),
			(3735, 2, 23, 13),
			(3736, 2, 24, 13),
			(3737, 2, 25, 13),
			(3738, 2, 26, 13),
			(3739, 2, 27, 13),
			(3740, 2, 28, 13),
			(3741, 2, 29, 13),
			(3742, 2, 30, 13),
			(3743, 2, 31, 13),
			(3744, 2, 32, 13),
			(3745, 2, 33, 13),
			(3746, 2, 34, 13),
			(3747, 2, 35, 13),
			(3748, 2, 36, 13),
			(3749, 2, 37, 13),
			(3750, 2, 38, 13),
			(3751, 2, 39, 13),
			(3752, 2, 40, 13),
			(3753, 2, 41, 13),
			(3754, 2, 42, 13),
			(3755, 2, 43, 13),
			(3756, 2, 44, 13),
			(3757, 2, 45, 13),
			(3758, 2, 46, 13),
			(3759, 2, 47, 13),
			(3760, 2, 48, 13),
			(3761, 2, 49, 13),
			(3762, 2, 50, 13),
			(3763, 2, 51, 13),
			(3764, 2, 52, 13),
			(3765, 2, 53, 13),
			(3766, 2, 54, 13),
			(3767, 2, 55, 13),
			(3768, 2, 56, 13),
			(3769, 2, 57, 13),
			(3770, 2, 0, 14),
			(3771, 2, 1, 14),
			(3772, 2, 2, 14),
			(3773, 2, 3, 14),
			(3774, 2, 4, 14),
			(3775, 2, 5, 14),
			(3776, 2, 6, 14),
			(3777, 2, 7, 14),
			(3778, 2, 8, 14),
			(3779, 2, 9, 14),
			(3780, 2, 10, 14),
			(3781, 2, 11, 14),
			(3782, 2, 12, 14),
			(3783, 2, 13, 14),
			(3784, 2, 14, 14),
			(3785, 2, 15, 14),
			(3786, 2, 16, 14),
			(3787, 2, 17, 14),
			(3788, 2, 18, 14),
			(3789, 2, 19, 14),
			(3790, 2, 20, 14),
			(3791, 2, 21, 14),
			(3792, 2, 22, 14),
			(3793, 2, 23, 14),
			(3794, 2, 24, 14),
			(3795, 2, 25, 14),
			(3796, 2, 26, 14),
			(3797, 2, 27, 14),
			(3798, 2, 28, 14),
			(3799, 2, 29, 14),
			(3800, 2, 30, 14),
			(3801, 2, 31, 14),
			(3802, 2, 32, 14),
			(3803, 2, 33, 14),
			(3804, 2, 34, 14),
			(3805, 2, 35, 14),
			(3806, 2, 36, 14),
			(3807, 2, 37, 14),
			(3808, 2, 38, 14),
			(3809, 2, 39, 14),
			(3810, 2, 40, 14),
			(3811, 2, 41, 14),
			(3812, 2, 42, 14),
			(3813, 2, 43, 14),
			(3814, 2, 44, 14),
			(3815, 2, 45, 14),
			(3816, 2, 46, 14),
			(3817, 2, 47, 14),
			(3818, 2, 48, 14),
			(3819, 2, 49, 14),
			(3820, 2, 50, 14),
			(3821, 2, 51, 14),
			(3822, 2, 52, 14),
			(3823, 2, 53, 14),
			(3824, 2, 54, 14),
			(3825, 2, 55, 14),
			(3826, 2, 56, 14),
			(3827, 2, 57, 14),
			(3828, 2, 0, 15),
			(3829, 2, 1, 15),
			(3830, 2, 2, 15),
			(3831, 2, 3, 15),
			(3832, 2, 4, 15),
			(3833, 2, 5, 15),
			(3834, 2, 6, 15),
			(3835, 2, 7, 15),
			(3836, 2, 8, 15),
			(3837, 2, 9, 15),
			(3838, 2, 10, 15),
			(3839, 2, 11, 15),
			(3840, 2, 12, 15),
			(3841, 2, 13, 15),
			(3842, 2, 14, 15),
			(3843, 2, 15, 15),
			(3844, 2, 16, 15),
			(3845, 2, 17, 15),
			(3846, 2, 18, 15),
			(3847, 2, 19, 15),
			(3848, 2, 20, 15),
			(3849, 2, 21, 15),
			(3850, 2, 22, 15),
			(3851, 2, 23, 15),
			(3852, 2, 24, 15),
			(3853, 2, 25, 15),
			(3854, 2, 26, 15),
			(3855, 2, 27, 15),
			(3856, 2, 28, 15),
			(3857, 2, 29, 15),
			(3858, 2, 30, 15),
			(3859, 2, 31, 15),
			(3860, 2, 32, 15),
			(3861, 2, 33, 15),
			(3862, 2, 34, 15),
			(3863, 2, 35, 15),
			(3864, 2, 36, 15),
			(3865, 2, 37, 15),
			(3866, 2, 38, 15),
			(3867, 2, 39, 15),
			(3868, 2, 40, 15),
			(3869, 2, 41, 15),
			(3870, 2, 42, 15),
			(3871, 2, 43, 15),
			(3872, 2, 44, 15),
			(3873, 2, 45, 15),
			(3874, 2, 46, 15),
			(3875, 2, 47, 15),
			(3876, 2, 48, 15),
			(3877, 2, 49, 15),
			(3878, 2, 50, 15),
			(3879, 2, 51, 15),
			(3880, 2, 52, 15),
			(3881, 2, 53, 15),
			(3882, 2, 54, 15),
			(3883, 2, 55, 15),
			(3884, 2, 56, 15),
			(3885, 2, 57, 15),
			(3886, 2, 0, 16),
			(3887, 2, 1, 16),
			(3888, 2, 2, 16),
			(3889, 2, 3, 16),
			(3890, 2, 4, 16),
			(3891, 2, 5, 16),
			(3892, 2, 6, 16),
			(3893, 2, 7, 16),
			(3894, 2, 8, 16),
			(3895, 2, 9, 16),
			(3896, 2, 10, 16),
			(3897, 2, 11, 16),
			(3898, 2, 12, 16),
			(3899, 2, 13, 16),
			(3900, 2, 14, 16),
			(3901, 2, 15, 16),
			(3902, 2, 16, 16),
			(3903, 2, 17, 16),
			(3904, 2, 18, 16),
			(3905, 2, 19, 16),
			(3906, 2, 20, 16),
			(3907, 2, 21, 16),
			(3908, 2, 22, 16),
			(3909, 2, 23, 16),
			(3910, 2, 24, 16),
			(3911, 2, 25, 16),
			(3912, 2, 26, 16),
			(3913, 2, 27, 16),
			(3914, 2, 28, 16),
			(3915, 2, 29, 16),
			(3916, 2, 30, 16),
			(3917, 2, 31, 16),
			(3918, 2, 32, 16),
			(3919, 2, 33, 16),
			(3920, 2, 34, 16),
			(3921, 2, 35, 16),
			(3922, 2, 36, 16),
			(3923, 2, 37, 16),
			(3924, 2, 38, 16),
			(3925, 2, 39, 16),
			(3926, 2, 40, 16),
			(3927, 2, 41, 16),
			(3928, 2, 42, 16),
			(3929, 2, 43, 16),
			(3930, 2, 44, 16),
			(3931, 2, 45, 16),
			(3932, 2, 46, 16),
			(3933, 2, 47, 16),
			(3934, 2, 48, 16),
			(3935, 2, 49, 16),
			(3936, 2, 50, 16),
			(3937, 2, 51, 16),
			(3938, 2, 52, 16),
			(3939, 2, 53, 16),
			(3940, 2, 54, 16),
			(3941, 2, 55, 16),
			(3942, 2, 56, 16),
			(3943, 2, 57, 16),
			(3944, 2, 0, 17),
			(3945, 2, 1, 17),
			(3946, 2, 2, 17),
			(3947, 2, 3, 17),
			(3948, 2, 4, 17),
			(3949, 2, 5, 17),
			(3950, 2, 6, 17),
			(3951, 2, 7, 17),
			(3952, 2, 8, 17),
			(3953, 2, 9, 17),
			(3954, 2, 10, 17),
			(3955, 2, 11, 17),
			(3956, 2, 12, 17),
			(3957, 2, 13, 17),
			(3958, 2, 14, 17),
			(3959, 2, 15, 17),
			(3960, 2, 16, 17),
			(3961, 2, 17, 17),
			(3962, 2, 18, 17),
			(3963, 2, 19, 17),
			(3964, 2, 20, 17),
			(3965, 2, 21, 17),
			(3966, 2, 22, 17),
			(3967, 2, 23, 17),
			(3968, 2, 24, 17),
			(3969, 2, 25, 17),
			(3970, 2, 26, 17),
			(3971, 2, 27, 17),
			(3972, 2, 28, 17),
			(3973, 2, 29, 17),
			(3974, 2, 30, 17),
			(3975, 2, 31, 17),
			(3976, 2, 32, 17),
			(3977, 2, 33, 17),
			(3978, 2, 34, 17),
			(3979, 2, 35, 17),
			(3980, 2, 36, 17),
			(3981, 2, 37, 17),
			(3982, 2, 38, 17),
			(3983, 2, 39, 17),
			(3984, 2, 40, 17),
			(3985, 2, 41, 17),
			(3986, 2, 42, 17),
			(3987, 2, 43, 17),
			(3988, 2, 44, 17),
			(3989, 2, 45, 17),
			(3990, 2, 46, 17),
			(3991, 2, 47, 17),
			(3992, 2, 48, 17),
			(3993, 2, 49, 17),
			(3994, 2, 50, 17),
			(3995, 2, 51, 17),
			(3996, 2, 52, 17),
			(3997, 2, 53, 17),
			(3998, 2, 54, 17),
			(3999, 2, 55, 17),
			(4000, 2, 56, 17),
			(4001, 2, 57, 17),
			(4002, 2, 0, 18),
			(4003, 2, 1, 18),
			(4004, 2, 2, 18),
			(4005, 2, 3, 18),
			(4006, 2, 4, 18),
			(4007, 2, 5, 18),
			(4008, 2, 6, 18),
			(4009, 2, 7, 18),
			(4010, 2, 8, 18),
			(4011, 2, 9, 18),
			(4012, 2, 10, 18),
			(4013, 2, 11, 18),
			(4014, 2, 12, 18),
			(4015, 2, 13, 18),
			(4016, 2, 14, 18),
			(4017, 2, 15, 18),
			(4018, 2, 16, 18),
			(4019, 2, 17, 18),
			(4020, 2, 18, 18),
			(4021, 2, 19, 18),
			(4022, 2, 20, 18),
			(4023, 2, 21, 18),
			(4024, 2, 22, 18),
			(4025, 2, 23, 18),
			(4026, 2, 24, 18),
			(4027, 2, 25, 18),
			(4028, 2, 26, 18),
			(4029, 2, 27, 18),
			(4030, 2, 28, 18),
			(4031, 2, 29, 18),
			(4032, 2, 30, 18),
			(4033, 2, 31, 18),
			(4034, 2, 32, 18),
			(4035, 2, 33, 18),
			(4036, 2, 34, 18),
			(4037, 2, 35, 18),
			(4038, 2, 36, 18),
			(4039, 2, 37, 18),
			(4040, 2, 38, 18),
			(4041, 2, 39, 18),
			(4042, 2, 40, 18),
			(4043, 2, 41, 18),
			(4044, 2, 42, 18),
			(4045, 2, 43, 18),
			(4046, 2, 44, 18),
			(4047, 2, 45, 18),
			(4048, 2, 46, 18),
			(4049, 2, 47, 18),
			(4050, 2, 48, 18),
			(4051, 2, 49, 18),
			(4052, 2, 50, 18),
			(4053, 2, 51, 18),
			(4054, 2, 52, 18),
			(4055, 2, 53, 18),
			(4056, 2, 54, 18),
			(4057, 2, 55, 18),
			(4058, 2, 56, 18),
			(4059, 2, 57, 18),
			(4060, 2, 0, 19),
			(4061, 2, 1, 19),
			(4062, 2, 2, 19),
			(4063, 2, 3, 19),
			(4064, 2, 4, 19),
			(4065, 2, 5, 19),
			(4066, 2, 6, 19),
			(4067, 2, 7, 19),
			(4068, 2, 8, 19),
			(4069, 2, 9, 19),
			(4070, 2, 10, 19),
			(4071, 2, 11, 19),
			(4072, 2, 12, 19),
			(4073, 2, 13, 19),
			(4074, 2, 14, 19),
			(4075, 2, 15, 19),
			(4076, 2, 16, 19),
			(4077, 2, 17, 19),
			(4078, 2, 18, 19),
			(4079, 2, 19, 19),
			(4080, 2, 20, 19),
			(4081, 2, 21, 19),
			(4082, 2, 22, 19),
			(4083, 2, 23, 19),
			(4084, 2, 24, 19),
			(4085, 2, 25, 19),
			(4086, 2, 26, 19),
			(4087, 2, 27, 19),
			(4088, 2, 28, 19),
			(4089, 2, 29, 19),
			(4090, 2, 30, 19),
			(4091, 2, 31, 19),
			(4092, 2, 32, 19),
			(4093, 2, 33, 19),
			(4094, 2, 34, 19),
			(4095, 2, 35, 19),
			(4096, 2, 36, 19),
			(4097, 2, 37, 19),
			(4098, 2, 38, 19),
			(4099, 2, 39, 19),
			(4100, 2, 40, 19),
			(4101, 2, 41, 19),
			(4102, 2, 42, 19),
			(4103, 2, 43, 19),
			(4104, 2, 44, 19),
			(4105, 2, 45, 19),
			(4106, 2, 46, 19),
			(4107, 2, 47, 19),
			(4108, 2, 48, 19),
			(4109, 2, 49, 19),
			(4110, 2, 50, 19),
			(4111, 2, 51, 19),
			(4112, 2, 52, 19),
			(4113, 2, 53, 19),
			(4114, 2, 54, 19),
			(4115, 2, 55, 19),
			(4116, 2, 56, 19),
			(4117, 2, 57, 19),
			(4118, 2, 0, 20),
			(4119, 2, 1, 20),
			(4120, 2, 2, 20),
			(4121, 2, 3, 20),
			(4122, 2, 4, 20),
			(4123, 2, 5, 20),
			(4124, 2, 6, 20),
			(4125, 2, 7, 20),
			(4126, 2, 8, 20),
			(4127, 2, 9, 20),
			(4128, 2, 10, 20),
			(4129, 2, 11, 20),
			(4130, 2, 12, 20),
			(4131, 2, 13, 20),
			(4132, 2, 14, 20),
			(4133, 2, 15, 20),
			(4134, 2, 16, 20),
			(4135, 2, 17, 20),
			(4136, 2, 18, 20),
			(4137, 2, 19, 20),
			(4138, 2, 20, 20),
			(4139, 2, 21, 20),
			(4140, 2, 22, 20),
			(4141, 2, 23, 20),
			(4142, 2, 24, 20),
			(4143, 2, 25, 20),
			(4144, 2, 26, 20),
			(4145, 2, 27, 20),
			(4146, 2, 28, 20),
			(4147, 2, 29, 20),
			(4148, 2, 30, 20),
			(4149, 2, 31, 20),
			(4150, 2, 32, 20),
			(4151, 2, 33, 20),
			(4152, 2, 34, 20),
			(4153, 2, 35, 20),
			(4154, 2, 36, 20),
			(4155, 2, 37, 20),
			(4156, 2, 38, 20),
			(4157, 2, 39, 20),
			(4158, 2, 40, 20),
			(4159, 2, 41, 20),
			(4160, 2, 42, 20),
			(4161, 2, 43, 20),
			(4162, 2, 44, 20),
			(4163, 2, 45, 20),
			(4164, 2, 46, 20),
			(4165, 2, 47, 20),
			(4166, 2, 48, 20),
			(4167, 2, 49, 20),
			(4168, 2, 50, 20),
			(4169, 2, 51, 20),
			(4170, 2, 52, 20),
			(4171, 2, 53, 20),
			(4172, 2, 54, 20),
			(4173, 2, 55, 20),
			(4174, 2, 56, 20),
			(4175, 2, 57, 20),
			(4176, 2, 0, 21),
			(4177, 2, 1, 21),
			(4178, 2, 2, 21),
			(4179, 2, 3, 21),
			(4180, 2, 4, 21),
			(4181, 2, 5, 21),
			(4182, 2, 6, 21),
			(4183, 2, 7, 21),
			(4184, 2, 8, 21),
			(4185, 2, 9, 21),
			(4186, 2, 10, 21),
			(4187, 2, 11, 21),
			(4188, 2, 12, 21),
			(4189, 2, 13, 21),
			(4190, 2, 14, 21),
			(4191, 2, 15, 21),
			(4192, 2, 16, 21),
			(4193, 2, 17, 21),
			(4194, 2, 18, 21),
			(4195, 2, 19, 21),
			(4196, 2, 20, 21),
			(4197, 2, 21, 21),
			(4198, 2, 22, 21),
			(4199, 2, 23, 21),
			(4200, 2, 24, 21),
			(4201, 2, 25, 21),
			(4202, 2, 26, 21),
			(4203, 2, 27, 21),
			(4204, 2, 28, 21),
			(4205, 2, 29, 21),
			(4206, 2, 30, 21),
			(4207, 2, 31, 21),
			(4208, 2, 32, 21),
			(4209, 2, 33, 21),
			(4210, 2, 34, 21),
			(4211, 2, 35, 21),
			(4212, 2, 36, 21),
			(4213, 2, 37, 21),
			(4214, 2, 38, 21),
			(4215, 2, 39, 21),
			(4216, 2, 40, 21),
			(4217, 2, 41, 21),
			(4218, 2, 42, 21),
			(4219, 2, 43, 21),
			(4220, 2, 44, 21),
			(4221, 2, 45, 21),
			(4222, 2, 46, 21),
			(4223, 2, 47, 21),
			(4224, 2, 48, 21),
			(4225, 2, 49, 21),
			(4226, 2, 50, 21),
			(4227, 2, 51, 21),
			(4228, 2, 52, 21),
			(4229, 2, 53, 21),
			(4230, 2, 54, 21),
			(4231, 2, 55, 21),
			(4232, 2, 56, 21),
			(4233, 2, 57, 21),
			(4234, 2, 0, 22),
			(4235, 2, 1, 22),
			(4236, 2, 2, 22),
			(4237, 2, 3, 22),
			(4238, 2, 4, 22),
			(4239, 2, 5, 22),
			(4240, 2, 6, 22),
			(4241, 2, 7, 22),
			(4242, 2, 8, 22),
			(4243, 2, 9, 22),
			(4244, 2, 10, 22),
			(4245, 2, 11, 22),
			(4246, 2, 12, 22),
			(4247, 2, 13, 22),
			(4248, 2, 14, 22),
			(4249, 2, 15, 22),
			(4250, 2, 16, 22),
			(4251, 2, 17, 22),
			(4252, 2, 18, 22),
			(4253, 2, 19, 22),
			(4254, 2, 20, 22),
			(4255, 2, 21, 22),
			(4256, 2, 22, 22),
			(4257, 2, 23, 22),
			(4258, 2, 24, 22),
			(4259, 2, 25, 22),
			(4260, 2, 26, 22),
			(4261, 2, 27, 22),
			(4262, 2, 28, 22),
			(4263, 2, 29, 22),
			(4264, 2, 30, 22),
			(4265, 2, 31, 22),
			(4266, 2, 32, 22),
			(4267, 2, 33, 22),
			(4268, 2, 34, 22),
			(4269, 2, 35, 22),
			(4270, 2, 36, 22),
			(4271, 2, 37, 22),
			(4272, 2, 38, 22),
			(4273, 2, 39, 22),
			(4274, 2, 40, 22),
			(4275, 2, 41, 22),
			(4276, 2, 42, 22),
			(4277, 2, 43, 22),
			(4278, 2, 44, 22),
			(4279, 2, 45, 22),
			(4280, 2, 46, 22),
			(4281, 2, 47, 22),
			(4282, 2, 48, 22),
			(4283, 2, 49, 22),
			(4284, 2, 50, 22),
			(4285, 2, 51, 22),
			(4286, 2, 52, 22),
			(4287, 2, 53, 22),
			(4288, 2, 54, 22),
			(4289, 2, 55, 22),
			(4290, 2, 56, 22),
			(4291, 2, 57, 22),
			(4292, 2, 0, 23),
			(4293, 2, 1, 23),
			(4294, 2, 2, 23),
			(4295, 2, 3, 23),
			(4296, 2, 4, 23),
			(4297, 2, 5, 23),
			(4298, 2, 6, 23),
			(4299, 2, 7, 23),
			(4300, 2, 8, 23),
			(4301, 2, 9, 23),
			(4302, 2, 10, 23),
			(4303, 2, 11, 23),
			(4304, 2, 12, 23),
			(4305, 2, 13, 23),
			(4306, 2, 14, 23),
			(4307, 2, 15, 23),
			(4308, 2, 16, 23),
			(4309, 2, 17, 23),
			(4310, 2, 18, 23),
			(4311, 2, 19, 23),
			(4312, 2, 20, 23),
			(4313, 2, 21, 23),
			(4314, 2, 22, 23),
			(4315, 2, 23, 23),
			(4316, 2, 24, 23),
			(4317, 2, 25, 23),
			(4318, 2, 26, 23),
			(4319, 2, 27, 23),
			(4320, 2, 28, 23),
			(4321, 2, 29, 23),
			(4322, 2, 30, 23),
			(4323, 2, 31, 23),
			(4324, 2, 32, 23),
			(4325, 2, 33, 23),
			(4326, 2, 34, 23),
			(4327, 2, 35, 23),
			(4328, 2, 36, 23),
			(4329, 2, 37, 23),
			(4330, 2, 38, 23),
			(4331, 2, 39, 23),
			(4332, 2, 40, 23),
			(4333, 2, 41, 23),
			(4334, 2, 42, 23),
			(4335, 2, 43, 23),
			(4336, 2, 44, 23),
			(4337, 2, 45, 23),
			(4338, 2, 46, 23),
			(4339, 2, 47, 23),
			(4340, 2, 48, 23),
			(4341, 2, 49, 23),
			(4342, 2, 50, 23),
			(4343, 2, 51, 23),
			(4344, 2, 52, 23),
			(4345, 2, 53, 23),
			(4346, 2, 54, 23),
			(4347, 2, 55, 23),
			(4348, 2, 56, 23),
			(4349, 2, 57, 23),
			(4350, 2, 0, 24),
			(4351, 2, 1, 24),
			(4352, 2, 2, 24),
			(4353, 2, 3, 24),
			(4354, 2, 4, 24),
			(4355, 2, 5, 24),
			(4356, 2, 6, 24),
			(4357, 2, 7, 24),
			(4358, 2, 8, 24),
			(4359, 2, 9, 24),
			(4360, 2, 10, 24),
			(4361, 2, 11, 24),
			(4362, 2, 12, 24),
			(4363, 2, 13, 24),
			(4364, 2, 14, 24),
			(4365, 2, 15, 24),
			(4366, 2, 16, 24),
			(4367, 2, 17, 24),
			(4368, 2, 18, 24),
			(4369, 2, 19, 24),
			(4370, 2, 20, 24),
			(4371, 2, 21, 24),
			(4372, 2, 22, 24),
			(4373, 2, 23, 24),
			(4374, 2, 24, 24),
			(4375, 2, 25, 24),
			(4376, 2, 26, 24),
			(4377, 2, 27, 24),
			(4378, 2, 28, 24),
			(4379, 2, 29, 24),
			(4380, 2, 30, 24),
			(4381, 2, 31, 24),
			(4382, 2, 32, 24),
			(4383, 2, 33, 24),
			(4384, 2, 34, 24),
			(4385, 2, 35, 24),
			(4386, 2, 36, 24),
			(4387, 2, 37, 24),
			(4388, 2, 38, 24),
			(4389, 2, 39, 24),
			(4390, 2, 40, 24),
			(4391, 2, 41, 24),
			(4392, 2, 42, 24),
			(4393, 2, 43, 24),
			(4394, 2, 44, 24),
			(4395, 2, 45, 24),
			(4396, 2, 46, 24),
			(4397, 2, 47, 24),
			(4398, 2, 48, 24),
			(4399, 2, 49, 24),
			(4400, 2, 50, 24),
			(4401, 2, 51, 24),
			(4402, 2, 52, 24),
			(4403, 2, 53, 24),
			(4404, 2, 54, 24),
			(4405, 2, 55, 24),
			(4406, 2, 56, 24),
			(4407, 2, 57, 24),
			(4408, 2, 0, 25),
			(4409, 2, 1, 25),
			(4410, 2, 2, 25),
			(4411, 2, 3, 25),
			(4412, 2, 4, 25),
			(4413, 2, 5, 25),
			(4414, 2, 6, 25),
			(4415, 2, 7, 25),
			(4416, 2, 8, 25),
			(4417, 2, 9, 25),
			(4418, 2, 10, 25),
			(4419, 2, 11, 25),
			(4420, 2, 12, 25),
			(4421, 2, 13, 25),
			(4422, 2, 14, 25),
			(4423, 2, 15, 25),
			(4424, 2, 16, 25),
			(4425, 2, 17, 25),
			(4426, 2, 18, 25),
			(4427, 2, 19, 25),
			(4428, 2, 20, 25),
			(4429, 2, 21, 25),
			(4430, 2, 22, 25),
			(4431, 2, 23, 25),
			(4432, 2, 24, 25),
			(4433, 2, 25, 25),
			(4434, 2, 26, 25),
			(4435, 2, 27, 25),
			(4436, 2, 28, 25),
			(4437, 2, 29, 25),
			(4438, 2, 30, 25),
			(4439, 2, 31, 25),
			(4440, 2, 32, 25),
			(4441, 2, 33, 25),
			(4442, 2, 34, 25),
			(4443, 2, 35, 25),
			(4444, 2, 36, 25),
			(4445, 2, 37, 25),
			(4446, 2, 38, 25),
			(4447, 2, 39, 25),
			(4448, 2, 40, 25),
			(4449, 2, 41, 25),
			(4450, 2, 42, 25),
			(4451, 2, 43, 25),
			(4452, 2, 44, 25),
			(4453, 2, 45, 25),
			(4454, 2, 46, 25),
			(4455, 2, 47, 25),
			(4456, 2, 48, 25),
			(4457, 2, 49, 25),
			(4458, 2, 50, 25),
			(4459, 2, 51, 25),
			(4460, 2, 52, 25),
			(4461, 2, 53, 25),
			(4462, 2, 54, 25),
			(4463, 2, 55, 25),
			(4464, 2, 56, 25),
			(4465, 2, 57, 25),
			(4466, 2, 0, 26),
			(4467, 2, 1, 26),
			(4468, 2, 2, 26),
			(4469, 2, 3, 26),
			(4470, 2, 4, 26),
			(4471, 2, 5, 26),
			(4472, 2, 6, 26),
			(4473, 2, 7, 26),
			(4474, 2, 8, 26),
			(4475, 2, 9, 26),
			(4476, 2, 10, 26),
			(4477, 2, 11, 26),
			(4478, 2, 12, 26),
			(4479, 2, 13, 26),
			(4480, 2, 14, 26),
			(4481, 2, 15, 26),
			(4482, 2, 16, 26),
			(4483, 2, 17, 26),
			(4484, 2, 18, 26),
			(4485, 2, 19, 26),
			(4486, 2, 20, 26),
			(4487, 2, 21, 26),
			(4488, 2, 22, 26),
			(4489, 2, 23, 26),
			(4490, 2, 24, 26),
			(4491, 2, 25, 26),
			(4492, 2, 26, 26),
			(4493, 2, 27, 26),
			(4494, 2, 28, 26),
			(4495, 2, 29, 26),
			(4496, 2, 30, 26),
			(4497, 2, 31, 26),
			(4498, 2, 32, 26),
			(4499, 2, 33, 26),
			(4500, 2, 34, 26),
			(4501, 2, 35, 26),
			(4502, 2, 36, 26),
			(4503, 2, 37, 26),
			(4504, 2, 38, 26),
			(4505, 2, 39, 26),
			(4506, 2, 40, 26),
			(4507, 2, 41, 26),
			(4508, 2, 42, 26),
			(4509, 2, 43, 26),
			(4510, 2, 44, 26),
			(4511, 2, 45, 26),
			(4512, 2, 46, 26),
			(4513, 2, 47, 26),
			(4514, 2, 48, 26),
			(4515, 2, 49, 26),
			(4516, 2, 50, 26),
			(4517, 2, 51, 26),
			(4518, 2, 52, 26),
			(4519, 2, 53, 26),
			(4520, 2, 54, 26),
			(4521, 2, 55, 26),
			(4522, 2, 56, 26),
			(4523, 2, 57, 26),
			(4524, 2, 0, 27),
			(4525, 2, 1, 27),
			(4526, 2, 2, 27),
			(4527, 2, 3, 27),
			(4528, 2, 4, 27),
			(4529, 2, 5, 27),
			(4530, 2, 6, 27),
			(4531, 2, 7, 27),
			(4532, 2, 8, 27),
			(4533, 2, 9, 27),
			(4534, 2, 10, 27),
			(4535, 2, 11, 27),
			(4536, 2, 12, 27),
			(4537, 2, 13, 27),
			(4538, 2, 14, 27),
			(4539, 2, 15, 27),
			(4540, 2, 16, 27),
			(4541, 2, 17, 27),
			(4542, 2, 18, 27),
			(4543, 2, 19, 27),
			(4544, 2, 20, 27),
			(4545, 2, 21, 27),
			(4546, 2, 22, 27),
			(4547, 2, 23, 27),
			(4548, 2, 24, 27),
			(4549, 2, 25, 27),
			(4550, 2, 26, 27),
			(4551, 2, 27, 27),
			(4552, 2, 28, 27),
			(4553, 2, 29, 27),
			(4554, 2, 30, 27),
			(4555, 2, 31, 27),
			(4556, 2, 32, 27),
			(4557, 2, 33, 27),
			(4558, 2, 34, 27),
			(4559, 2, 35, 27),
			(4560, 2, 36, 27),
			(4561, 2, 37, 27),
			(4562, 2, 38, 27),
			(4563, 2, 39, 27),
			(4564, 2, 40, 27),
			(4565, 2, 41, 27),
			(4566, 2, 42, 27),
			(4567, 2, 43, 27),
			(4568, 2, 44, 27),
			(4569, 2, 45, 27),
			(4570, 2, 46, 27),
			(4571, 2, 47, 27),
			(4572, 2, 48, 27),
			(4573, 2, 49, 27),
			(4574, 2, 50, 27),
			(4575, 2, 51, 27),
			(4576, 2, 52, 27),
			(4577, 2, 53, 27),
			(4578, 2, 54, 27),
			(4579, 2, 55, 27),
			(4580, 2, 56, 27),
			(4581, 2, 57, 27),
			(4582, 2, 0, 28),
			(4583, 2, 1, 28),
			(4584, 2, 2, 28),
			(4585, 2, 3, 28),
			(4586, 2, 4, 28),
			(4587, 2, 5, 28),
			(4588, 2, 6, 28),
			(4589, 2, 7, 28),
			(4590, 2, 8, 28),
			(4591, 2, 9, 28),
			(4592, 2, 10, 28),
			(4593, 2, 11, 28),
			(4594, 2, 12, 28),
			(4595, 2, 13, 28),
			(4596, 2, 14, 28),
			(4597, 2, 15, 28),
			(4598, 2, 16, 28),
			(4599, 2, 17, 28),
			(4600, 2, 18, 28),
			(4601, 2, 19, 28),
			(4602, 2, 20, 28),
			(4603, 2, 21, 28),
			(4604, 2, 22, 28),
			(4605, 2, 23, 28),
			(4606, 2, 24, 28),
			(4607, 2, 25, 28),
			(4608, 2, 26, 28),
			(4609, 2, 27, 28),
			(4610, 2, 28, 28),
			(4611, 2, 29, 28),
			(4612, 2, 30, 28),
			(4613, 2, 31, 28),
			(4614, 2, 32, 28),
			(4615, 2, 33, 28),
			(4616, 2, 34, 28),
			(4617, 2, 35, 28),
			(4618, 2, 36, 28),
			(4619, 2, 37, 28),
			(4620, 2, 38, 28),
			(4621, 2, 39, 28),
			(4622, 2, 40, 28),
			(4623, 2, 41, 28),
			(4624, 2, 42, 28),
			(4625, 2, 43, 28),
			(4626, 2, 44, 28),
			(4627, 2, 45, 28),
			(4628, 2, 46, 28),
			(4629, 2, 47, 28),
			(4630, 2, 48, 28),
			(4631, 2, 49, 28),
			(4632, 2, 50, 28),
			(4633, 2, 51, 28),
			(4634, 2, 52, 28),
			(4635, 2, 53, 28),
			(4636, 2, 54, 28),
			(4637, 2, 55, 28),
			(4638, 2, 56, 28),
			(4639, 2, 57, 28),
			(4640, 2, 0, 29),
			(4641, 2, 1, 29),
			(4642, 2, 2, 29),
			(4643, 2, 3, 29),
			(4644, 2, 4, 29),
			(4645, 2, 5, 29),
			(4646, 2, 6, 29),
			(4647, 2, 7, 29),
			(4648, 2, 8, 29),
			(4649, 2, 9, 29),
			(4650, 2, 10, 29),
			(4651, 2, 11, 29),
			(4652, 2, 12, 29),
			(4653, 2, 13, 29),
			(4654, 2, 14, 29),
			(4655, 2, 15, 29),
			(4656, 2, 16, 29),
			(4657, 2, 17, 29),
			(4658, 2, 18, 29),
			(4659, 2, 19, 29),
			(4660, 2, 20, 29),
			(4661, 2, 21, 29),
			(4662, 2, 22, 29),
			(4663, 2, 23, 29),
			(4664, 2, 24, 29),
			(4665, 2, 25, 29),
			(4666, 2, 26, 29),
			(4667, 2, 27, 29),
			(4668, 2, 28, 29),
			(4669, 2, 29, 29),
			(4670, 2, 30, 29),
			(4671, 2, 31, 29),
			(4672, 2, 32, 29),
			(4673, 2, 33, 29),
			(4674, 2, 34, 29),
			(4675, 2, 35, 29),
			(4676, 2, 36, 29),
			(4677, 2, 37, 29),
			(4678, 2, 38, 29),
			(4679, 2, 39, 29),
			(4680, 2, 40, 29),
			(4681, 2, 41, 29),
			(4682, 2, 42, 29),
			(4683, 2, 43, 29),
			(4684, 2, 44, 29),
			(4685, 2, 45, 29),
			(4686, 2, 46, 29),
			(4687, 2, 47, 29),
			(4688, 2, 48, 29),
			(4689, 2, 49, 29),
			(4690, 2, 50, 29),
			(4691, 2, 51, 29),
			(4692, 2, 52, 29),
			(4693, 2, 53, 29),
			(4694, 2, 54, 29),
			(4695, 2, 55, 29),
			(4696, 2, 56, 29),
			(4697, 2, 57, 29),
			(4698, 2, 0, 30),
			(4699, 2, 1, 30),
			(4700, 2, 2, 30),
			(4701, 2, 3, 30),
			(4702, 2, 4, 30),
			(4703, 2, 5, 30),
			(4704, 2, 6, 30),
			(4705, 2, 7, 30),
			(4706, 2, 8, 30),
			(4707, 2, 9, 30),
			(4708, 2, 10, 30),
			(4709, 2, 11, 30),
			(4710, 2, 12, 30),
			(4711, 2, 13, 30),
			(4712, 2, 14, 30),
			(4713, 2, 15, 30),
			(4714, 2, 16, 30),
			(4715, 2, 17, 30),
			(4716, 2, 18, 30),
			(4717, 2, 19, 30),
			(4718, 2, 20, 30),
			(4719, 2, 21, 30),
			(4720, 2, 22, 30),
			(4721, 2, 23, 30),
			(4722, 2, 24, 30),
			(4723, 2, 25, 30),
			(4724, 2, 26, 30),
			(4725, 2, 27, 30),
			(4726, 2, 28, 30),
			(4727, 2, 29, 30),
			(4728, 2, 30, 30),
			(4729, 2, 31, 30),
			(4730, 2, 32, 30),
			(4731, 2, 33, 30),
			(4732, 2, 34, 30),
			(4733, 2, 35, 30),
			(4734, 2, 36, 30),
			(4735, 2, 37, 30),
			(4736, 2, 38, 30),
			(4737, 2, 39, 30),
			(4738, 2, 40, 30),
			(4739, 2, 41, 30),
			(4740, 2, 42, 30),
			(4741, 2, 43, 30),
			(4742, 2, 44, 30),
			(4743, 2, 45, 30),
			(4744, 2, 46, 30),
			(4745, 2, 47, 30),
			(4746, 2, 48, 30),
			(4747, 2, 49, 30),
			(4748, 2, 50, 30),
			(4749, 2, 51, 30),
			(4750, 2, 52, 30),
			(4751, 2, 53, 30),
			(4752, 2, 54, 30),
			(4753, 2, 55, 30),
			(4754, 2, 56, 30),
			(4755, 2, 57, 30),
			(4756, 2, 0, 31),
			(4757, 2, 1, 31),
			(4758, 2, 2, 31),
			(4759, 2, 3, 31),
			(4760, 2, 4, 31),
			(4761, 2, 5, 31),
			(4762, 2, 6, 31),
			(4763, 2, 7, 31),
			(4764, 2, 8, 31),
			(4765, 2, 9, 31),
			(4766, 2, 10, 31),
			(4767, 2, 11, 31),
			(4768, 2, 12, 31),
			(4769, 2, 13, 31),
			(4770, 2, 14, 31),
			(4771, 2, 15, 31),
			(4772, 2, 16, 31),
			(4773, 2, 17, 31),
			(4774, 2, 18, 31),
			(4775, 2, 19, 31),
			(4776, 2, 20, 31),
			(4777, 2, 21, 31),
			(4778, 2, 22, 31),
			(4779, 2, 23, 31),
			(4780, 2, 24, 31),
			(4781, 2, 25, 31),
			(4782, 2, 26, 31),
			(4783, 2, 27, 31),
			(4784, 2, 28, 31),
			(4785, 2, 29, 31),
			(4786, 2, 30, 31),
			(4787, 2, 31, 31),
			(4788, 2, 32, 31),
			(4789, 2, 33, 31),
			(4790, 2, 34, 31),
			(4791, 2, 35, 31),
			(4792, 2, 36, 31),
			(4793, 2, 37, 31),
			(4794, 2, 38, 31),
			(4795, 2, 39, 31),
			(4796, 2, 40, 31),
			(4797, 2, 41, 31),
			(4798, 2, 42, 31),
			(4799, 2, 43, 31),
			(4800, 2, 44, 31),
			(4801, 2, 45, 31),
			(4802, 2, 46, 31),
			(4803, 2, 47, 31),
			(4804, 2, 48, 31),
			(4805, 2, 49, 31),
			(4806, 2, 50, 31),
			(4807, 2, 51, 31),
			(4808, 2, 52, 31),
			(4809, 2, 53, 31),
			(4810, 2, 54, 31),
			(4811, 2, 55, 31),
			(4812, 2, 56, 31),
			(4813, 2, 57, 31),
			(4814, 2, 0, 32),
			(4815, 2, 1, 32),
			(4816, 2, 2, 32),
			(4817, 2, 3, 32),
			(4818, 2, 4, 32),
			(4819, 2, 5, 32),
			(4820, 2, 6, 32),
			(4821, 2, 7, 32),
			(4822, 2, 8, 32),
			(4823, 2, 9, 32),
			(4824, 2, 10, 32),
			(4825, 2, 11, 32),
			(4826, 2, 12, 32),
			(4827, 2, 13, 32),
			(4828, 2, 14, 32),
			(4829, 2, 15, 32),
			(4830, 2, 16, 32),
			(4831, 2, 17, 32),
			(4832, 2, 18, 32),
			(4833, 2, 19, 32),
			(4834, 2, 20, 32),
			(4835, 2, 21, 32),
			(4836, 2, 22, 32),
			(4837, 2, 23, 32),
			(4838, 2, 24, 32),
			(4839, 2, 25, 32),
			(4840, 2, 26, 32),
			(4841, 2, 27, 32),
			(4842, 2, 28, 32),
			(4843, 2, 29, 32),
			(4844, 2, 30, 32),
			(4845, 2, 31, 32),
			(4846, 2, 32, 32),
			(4847, 2, 33, 32),
			(4848, 2, 34, 32),
			(4849, 2, 35, 32),
			(4850, 2, 36, 32),
			(4851, 2, 37, 32),
			(4852, 2, 38, 32),
			(4853, 2, 39, 32),
			(4854, 2, 40, 32),
			(4855, 2, 41, 32),
			(4856, 2, 42, 32),
			(4857, 2, 43, 32),
			(4858, 2, 44, 32),
			(4859, 2, 45, 32),
			(4860, 2, 46, 32),
			(4861, 2, 47, 32),
			(4862, 2, 48, 32),
			(4863, 2, 49, 32),
			(4864, 2, 50, 32),
			(4865, 2, 51, 32),
			(4866, 2, 52, 32),
			(4867, 2, 53, 32),
			(4868, 2, 54, 32),
			(4869, 2, 55, 32),
			(4870, 2, 56, 32),
			(4871, 2, 57, 32),
			(4872, 2, 0, 33),
			(4873, 2, 1, 33),
			(4874, 2, 2, 33),
			(4875, 2, 3, 33),
			(4876, 2, 4, 33),
			(4877, 2, 5, 33),
			(4878, 2, 6, 33),
			(4879, 2, 7, 33),
			(4880, 2, 8, 33),
			(4881, 2, 9, 33),
			(4882, 2, 10, 33),
			(4883, 2, 11, 33),
			(4884, 2, 12, 33),
			(4885, 2, 13, 33),
			(4886, 2, 14, 33),
			(4887, 2, 15, 33),
			(4888, 2, 16, 33),
			(4889, 2, 17, 33),
			(4890, 2, 18, 33),
			(4891, 2, 19, 33),
			(4892, 2, 20, 33),
			(4893, 2, 21, 33),
			(4894, 2, 22, 33),
			(4895, 2, 23, 33),
			(4896, 2, 24, 33),
			(4897, 2, 25, 33),
			(4898, 2, 26, 33),
			(4899, 2, 27, 33),
			(4900, 2, 28, 33),
			(4901, 2, 29, 33),
			(4902, 2, 30, 33),
			(4903, 2, 31, 33),
			(4904, 2, 32, 33),
			(4905, 2, 33, 33),
			(4906, 2, 34, 33),
			(4907, 2, 35, 33),
			(4908, 2, 36, 33),
			(4909, 2, 37, 33),
			(4910, 2, 38, 33),
			(4911, 2, 39, 33),
			(4912, 2, 40, 33),
			(4913, 2, 41, 33),
			(4914, 2, 42, 33),
			(4915, 2, 43, 33),
			(4916, 2, 44, 33),
			(4917, 2, 45, 33),
			(4918, 2, 46, 33),
			(4919, 2, 47, 33),
			(4920, 2, 48, 33),
			(4921, 2, 49, 33),
			(4922, 2, 50, 33),
			(4923, 2, 51, 33),
			(4924, 2, 52, 33),
			(4925, 2, 53, 33),
			(4926, 2, 54, 33),
			(4927, 2, 55, 33),
			(4928, 2, 56, 33),
			(4929, 2, 57, 33),
			(4930, 2, 0, 34),
			(4931, 2, 1, 34),
			(4932, 2, 2, 34),
			(4933, 2, 3, 34),
			(4934, 2, 4, 34),
			(4935, 2, 5, 34),
			(4936, 2, 6, 34),
			(4937, 2, 7, 34),
			(4938, 2, 8, 34),
			(4939, 2, 9, 34),
			(4940, 2, 10, 34),
			(4941, 2, 11, 34),
			(4942, 2, 12, 34),
			(4943, 2, 13, 34),
			(4944, 2, 14, 34),
			(4945, 2, 15, 34),
			(4946, 2, 16, 34),
			(4947, 2, 17, 34),
			(4948, 2, 18, 34),
			(4949, 2, 19, 34),
			(4950, 2, 20, 34),
			(4951, 2, 21, 34),
			(4952, 2, 22, 34),
			(4953, 2, 23, 34),
			(4954, 2, 24, 34),
			(4955, 2, 25, 34),
			(4956, 2, 26, 34),
			(4957, 2, 27, 34),
			(4958, 2, 28, 34),
			(4959, 2, 29, 34),
			(4960, 2, 30, 34),
			(4961, 2, 31, 34),
			(4962, 2, 32, 34),
			(4963, 2, 33, 34),
			(4964, 2, 34, 34),
			(4965, 2, 35, 34),
			(4966, 2, 36, 34),
			(4967, 2, 37, 34),
			(4968, 2, 38, 34),
			(4969, 2, 39, 34),
			(4970, 2, 40, 34),
			(4971, 2, 41, 34),
			(4972, 2, 42, 34),
			(4973, 2, 43, 34),
			(4974, 2, 44, 34),
			(4975, 2, 45, 34),
			(4976, 2, 46, 34),
			(4977, 2, 47, 34),
			(4978, 2, 48, 34),
			(4979, 2, 49, 34),
			(4980, 2, 50, 34),
			(4981, 2, 51, 34),
			(4982, 2, 52, 34),
			(4983, 2, 53, 34),
			(4984, 2, 54, 34),
			(4985, 2, 55, 34),
			(4986, 2, 56, 34),
			(4987, 2, 57, 34),
			(4988, 2, 0, 35),
			(4989, 2, 1, 35),
			(4990, 2, 2, 35),
			(4991, 2, 3, 35),
			(4992, 2, 4, 35),
			(4993, 2, 5, 35),
			(4994, 2, 6, 35),
			(4995, 2, 7, 35),
			(4996, 2, 8, 35),
			(4997, 2, 9, 35),
			(4998, 2, 10, 35),
			(4999, 2, 11, 35),
			(5000, 2, 12, 35),
			(5001, 2, 13, 35),
			(5002, 2, 14, 35),
			(5003, 2, 15, 35),
			(5004, 2, 16, 35),
			(5005, 2, 17, 35),
			(5006, 2, 18, 35),
			(5007, 2, 19, 35),
			(5008, 2, 20, 35),
			(5009, 2, 21, 35),
			(5010, 2, 22, 35),
			(5011, 2, 23, 35),
			(5012, 2, 24, 35),
			(5013, 2, 25, 35),
			(5014, 2, 26, 35),
			(5015, 2, 27, 35),
			(5016, 2, 28, 35),
			(5017, 2, 29, 35),
			(5018, 2, 30, 35),
			(5019, 2, 31, 35),
			(5020, 2, 32, 35),
			(5021, 2, 33, 35),
			(5022, 2, 34, 35),
			(5023, 2, 35, 35),
			(5024, 2, 36, 35),
			(5025, 2, 37, 35),
			(5026, 2, 38, 35),
			(5027, 2, 39, 35),
			(5028, 2, 40, 35),
			(5029, 2, 41, 35),
			(5030, 2, 42, 35),
			(5031, 2, 43, 35),
			(5032, 2, 44, 35),
			(5033, 2, 45, 35),
			(5034, 2, 46, 35),
			(5035, 2, 47, 35),
			(5036, 2, 48, 35),
			(5037, 2, 49, 35),
			(5038, 2, 50, 35),
			(5039, 2, 51, 35),
			(5040, 2, 52, 35),
			(5041, 2, 53, 35),
			(5042, 2, 54, 35),
			(5043, 2, 55, 35),
			(5044, 2, 56, 35),
			(5045, 2, 57, 35),
			(5046, 2, 0, 36),
			(5047, 2, 1, 36),
			(5048, 2, 2, 36),
			(5049, 2, 3, 36),
			(5050, 2, 4, 36),
			(5051, 2, 5, 36),
			(5052, 2, 6, 36),
			(5053, 2, 7, 36),
			(5054, 2, 8, 36),
			(5055, 2, 9, 36),
			(5056, 2, 10, 36),
			(5057, 2, 11, 36),
			(5058, 2, 12, 36),
			(5059, 2, 13, 36),
			(5060, 2, 14, 36),
			(5061, 2, 15, 36),
			(5062, 2, 16, 36),
			(5063, 2, 17, 36),
			(5064, 2, 18, 36),
			(5065, 2, 19, 36),
			(5066, 2, 20, 36),
			(5067, 2, 21, 36),
			(5068, 2, 22, 36),
			(5069, 2, 23, 36),
			(5070, 2, 24, 36),
			(5071, 2, 25, 36),
			(5072, 2, 26, 36),
			(5073, 2, 27, 36),
			(5074, 2, 28, 36),
			(5075, 2, 29, 36),
			(5076, 2, 30, 36),
			(5077, 2, 31, 36),
			(5078, 2, 32, 36),
			(5079, 2, 33, 36),
			(5080, 2, 34, 36),
			(5081, 2, 35, 36),
			(5082, 2, 36, 36),
			(5083, 2, 37, 36),
			(5084, 2, 38, 36),
			(5085, 2, 39, 36),
			(5086, 2, 40, 36),
			(5087, 2, 41, 36),
			(5088, 2, 42, 36),
			(5089, 2, 43, 36),
			(5090, 2, 44, 36),
			(5091, 2, 45, 36),
			(5092, 2, 46, 36),
			(5093, 2, 47, 36),
			(5094, 2, 48, 36),
			(5095, 2, 49, 36),
			(5096, 2, 50, 36),
			(5097, 2, 51, 36),
			(5098, 2, 52, 36),
			(5099, 2, 53, 36),
			(5100, 2, 54, 36),
			(5101, 2, 55, 36),
			(5102, 2, 56, 36),
			(5103, 2, 57, 36),
			(5104, 2, 0, 37),
			(5105, 2, 1, 37),
			(5106, 2, 2, 37),
			(5107, 2, 3, 37),
			(5108, 2, 4, 37),
			(5109, 2, 5, 37),
			(5110, 2, 6, 37),
			(5111, 2, 7, 37),
			(5112, 2, 8, 37),
			(5113, 2, 9, 37),
			(5114, 2, 10, 37),
			(5115, 2, 11, 37),
			(5116, 2, 12, 37),
			(5117, 2, 13, 37),
			(5118, 2, 14, 37),
			(5119, 2, 15, 37),
			(5120, 2, 16, 37),
			(5121, 2, 17, 37),
			(5122, 2, 18, 37),
			(5123, 2, 19, 37),
			(5124, 2, 20, 37),
			(5125, 2, 21, 37),
			(5126, 2, 22, 37),
			(5127, 2, 23, 37),
			(5128, 2, 24, 37),
			(5129, 2, 25, 37),
			(5130, 2, 26, 37),
			(5131, 2, 27, 37),
			(5132, 2, 28, 37),
			(5133, 2, 29, 37),
			(5134, 2, 30, 37),
			(5135, 2, 31, 37),
			(5136, 2, 32, 37),
			(5137, 2, 33, 37),
			(5138, 2, 34, 37),
			(5139, 2, 35, 37),
			(5140, 2, 36, 37),
			(5141, 2, 37, 37),
			(5142, 2, 38, 37),
			(5143, 2, 39, 37),
			(5144, 2, 40, 37),
			(5145, 2, 41, 37),
			(5146, 2, 42, 37),
			(5147, 2, 43, 37),
			(5148, 2, 44, 37),
			(5149, 2, 45, 37),
			(5150, 2, 46, 37),
			(5151, 2, 47, 37),
			(5152, 2, 48, 37),
			(5153, 2, 49, 37),
			(5154, 2, 50, 37),
			(5155, 2, 51, 37),
			(5156, 2, 52, 37),
			(5157, 2, 53, 37),
			(5158, 2, 54, 37),
			(5159, 2, 55, 37),
			(5160, 2, 56, 37),
			(5161, 2, 57, 37),
			(5162, 2, 0, 38),
			(5163, 2, 1, 38),
			(5164, 2, 2, 38),
			(5165, 2, 3, 38),
			(5166, 2, 4, 38),
			(5167, 2, 5, 38),
			(5168, 2, 6, 38),
			(5169, 2, 7, 38),
			(5170, 2, 8, 38),
			(5171, 2, 9, 38),
			(5172, 2, 10, 38),
			(5173, 2, 11, 38),
			(5174, 2, 12, 38),
			(5175, 2, 13, 38),
			(5176, 2, 14, 38),
			(5177, 2, 15, 38),
			(5178, 2, 16, 38),
			(5179, 2, 17, 38),
			(5180, 2, 18, 38),
			(5181, 2, 19, 38),
			(5182, 2, 20, 38),
			(5183, 2, 21, 38),
			(5184, 2, 22, 38),
			(5185, 2, 23, 38),
			(5186, 2, 24, 38),
			(5187, 2, 25, 38),
			(5188, 2, 26, 38),
			(5189, 2, 27, 38),
			(5190, 2, 28, 38),
			(5191, 2, 29, 38),
			(5192, 2, 30, 38),
			(5193, 2, 31, 38),
			(5194, 2, 32, 38),
			(5195, 2, 33, 38),
			(5196, 2, 34, 38),
			(5197, 2, 35, 38),
			(5198, 2, 36, 38),
			(5199, 2, 37, 38),
			(5200, 2, 38, 38),
			(5201, 2, 39, 38),
			(5202, 2, 40, 38),
			(5203, 2, 41, 38),
			(5204, 2, 42, 38),
			(5205, 2, 43, 38),
			(5206, 2, 44, 38),
			(5207, 2, 45, 38),
			(5208, 2, 46, 38),
			(5209, 2, 47, 38),
			(5210, 2, 48, 38),
			(5211, 2, 49, 38),
			(5212, 2, 50, 38),
			(5213, 2, 51, 38),
			(5214, 2, 52, 38),
			(5215, 2, 53, 38),
			(5216, 2, 54, 38),
			(5217, 2, 55, 38),
			(5218, 2, 56, 38),
			(5219, 2, 57, 38),
			(5220, 2, 0, 39),
			(5221, 2, 1, 39),
			(5222, 2, 2, 39),
			(5223, 2, 3, 39),
			(5224, 2, 4, 39),
			(5225, 2, 5, 39),
			(5226, 2, 6, 39),
			(5227, 2, 7, 39),
			(5228, 2, 8, 39),
			(5229, 2, 9, 39),
			(5230, 2, 10, 39),
			(5231, 2, 11, 39),
			(5232, 2, 12, 39),
			(5233, 2, 13, 39),
			(5234, 2, 14, 39),
			(5235, 2, 15, 39),
			(5236, 2, 16, 39),
			(5237, 2, 17, 39),
			(5238, 2, 18, 39),
			(5239, 2, 19, 39),
			(5240, 2, 20, 39),
			(5241, 2, 21, 39),
			(5242, 2, 22, 39),
			(5243, 2, 23, 39),
			(5244, 2, 24, 39),
			(5245, 2, 25, 39),
			(5246, 2, 26, 39),
			(5247, 2, 27, 39),
			(5248, 2, 28, 39),
			(5249, 2, 29, 39),
			(5250, 2, 30, 39),
			(5251, 2, 31, 39),
			(5252, 2, 32, 39),
			(5253, 2, 33, 39),
			(5254, 2, 34, 39),
			(5255, 2, 35, 39),
			(5256, 2, 36, 39),
			(5257, 2, 37, 39),
			(5258, 2, 38, 39),
			(5259, 2, 39, 39),
			(5260, 2, 40, 39),
			(5261, 2, 41, 39),
			(5262, 2, 42, 39),
			(5263, 2, 43, 39),
			(5264, 2, 44, 39),
			(5265, 2, 45, 39),
			(5266, 2, 46, 39),
			(5267, 2, 47, 39),
			(5268, 2, 48, 39),
			(5269, 2, 49, 39),
			(5270, 2, 50, 39),
			(5271, 2, 51, 39),
			(5272, 2, 52, 39),
			(5273, 2, 53, 39),
			(5274, 2, 54, 39),
			(5275, 2, 55, 39),
			(5276, 2, 56, 39),
			(5277, 2, 57, 39),
			(5278, 2, 0, 40),
			(5279, 2, 1, 40),
			(5280, 2, 2, 40),
			(5281, 2, 3, 40),
			(5282, 2, 4, 40),
			(5283, 2, 5, 40),
			(5284, 2, 6, 40),
			(5285, 2, 7, 40),
			(5286, 2, 8, 40),
			(5287, 2, 9, 40),
			(5288, 2, 10, 40),
			(5289, 2, 11, 40),
			(5290, 2, 12, 40),
			(5291, 2, 13, 40),
			(5292, 2, 14, 40),
			(5293, 2, 15, 40),
			(5294, 2, 16, 40),
			(5295, 2, 17, 40),
			(5296, 2, 18, 40),
			(5297, 2, 19, 40),
			(5298, 2, 20, 40),
			(5299, 2, 21, 40),
			(5300, 2, 22, 40),
			(5301, 2, 23, 40),
			(5302, 2, 24, 40),
			(5303, 2, 25, 40),
			(5304, 2, 26, 40),
			(5305, 2, 27, 40),
			(5306, 2, 28, 40),
			(5307, 2, 29, 40),
			(5308, 2, 30, 40),
			(5309, 2, 31, 40),
			(5310, 2, 32, 40),
			(5311, 2, 33, 40),
			(5312, 2, 34, 40),
			(5313, 2, 35, 40),
			(5314, 2, 36, 40),
			(5315, 2, 37, 40),
			(5316, 2, 38, 40),
			(5317, 2, 39, 40),
			(5318, 2, 40, 40),
			(5319, 2, 41, 40),
			(5320, 2, 42, 40),
			(5321, 2, 43, 40),
			(5322, 2, 44, 40),
			(5323, 2, 45, 40),
			(5324, 2, 46, 40),
			(5325, 2, 47, 40),
			(5326, 2, 48, 40),
			(5327, 2, 49, 40),
			(5328, 2, 50, 40),
			(5329, 2, 51, 40),
			(5330, 2, 52, 40),
			(5331, 2, 53, 40),
			(5332, 2, 54, 40),
			(5333, 2, 55, 40),
			(5334, 2, 56, 40),
			(5335, 2, 57, 40),
			(5336, 2, 0, 41),
			(5337, 2, 1, 41),
			(5338, 2, 2, 41),
			(5339, 2, 3, 41),
			(5340, 2, 4, 41),
			(5341, 2, 5, 41),
			(5342, 2, 6, 41),
			(5343, 2, 7, 41),
			(5344, 2, 8, 41),
			(5345, 2, 9, 41),
			(5346, 2, 10, 41),
			(5347, 2, 11, 41),
			(5348, 2, 12, 41),
			(5349, 2, 13, 41),
			(5350, 2, 14, 41),
			(5351, 2, 15, 41),
			(5352, 2, 16, 41),
			(5353, 2, 17, 41),
			(5354, 2, 18, 41),
			(5355, 2, 19, 41),
			(5356, 2, 20, 41),
			(5357, 2, 21, 41),
			(5358, 2, 22, 41),
			(5359, 2, 23, 41),
			(5360, 2, 24, 41),
			(5361, 2, 25, 41),
			(5362, 2, 26, 41),
			(5363, 2, 27, 41),
			(5364, 2, 28, 41),
			(5365, 2, 29, 41),
			(5366, 2, 30, 41),
			(5367, 2, 31, 41),
			(5368, 2, 32, 41),
			(5369, 2, 33, 41),
			(5370, 2, 34, 41),
			(5371, 2, 35, 41),
			(5372, 2, 36, 41),
			(5373, 2, 37, 41),
			(5374, 2, 38, 41),
			(5375, 2, 39, 41),
			(5376, 2, 40, 41),
			(5377, 2, 41, 41),
			(5378, 2, 42, 41),
			(5379, 2, 43, 41),
			(5380, 2, 44, 41),
			(5381, 2, 45, 41),
			(5382, 2, 46, 41),
			(5383, 2, 47, 41),
			(5384, 2, 48, 41),
			(5385, 2, 49, 41),
			(5386, 2, 50, 41),
			(5387, 2, 51, 41),
			(5388, 2, 52, 41),
			(5389, 2, 53, 41),
			(5390, 2, 54, 41),
			(5391, 2, 55, 41),
			(5392, 2, 56, 41),
			(5393, 2, 57, 41),
			(5394, 2, 0, 42),
			(5395, 2, 1, 42),
			(5396, 2, 2, 42),
			(5397, 2, 3, 42),
			(5398, 2, 4, 42),
			(5399, 2, 5, 42),
			(5400, 2, 6, 42),
			(5401, 2, 7, 42),
			(5402, 2, 8, 42),
			(5403, 2, 9, 42),
			(5404, 2, 10, 42),
			(5405, 2, 11, 42),
			(5406, 2, 12, 42),
			(5407, 2, 13, 42),
			(5408, 2, 14, 42),
			(5409, 2, 15, 42),
			(5410, 2, 16, 42),
			(5411, 2, 17, 42),
			(5412, 2, 18, 42),
			(5413, 2, 19, 42),
			(5414, 2, 20, 42),
			(5415, 2, 21, 42),
			(5416, 2, 22, 42),
			(5417, 2, 23, 42),
			(5418, 2, 24, 42),
			(5419, 2, 25, 42),
			(5420, 2, 26, 42),
			(5421, 2, 27, 42),
			(5422, 2, 28, 42),
			(5423, 2, 29, 42),
			(5424, 2, 30, 42),
			(5425, 2, 31, 42),
			(5426, 2, 32, 42),
			(5427, 2, 33, 42),
			(5428, 2, 34, 42),
			(5429, 2, 35, 42),
			(5430, 2, 36, 42),
			(5431, 2, 37, 42),
			(5432, 2, 38, 42),
			(5433, 2, 39, 42),
			(5434, 2, 40, 42),
			(5435, 2, 41, 42),
			(5436, 2, 42, 42),
			(5437, 2, 43, 42),
			(5438, 2, 44, 42),
			(5439, 2, 45, 42),
			(5440, 2, 46, 42),
			(5441, 2, 47, 42),
			(5442, 2, 48, 42),
			(5443, 2, 49, 42),
			(5444, 2, 50, 42),
			(5445, 2, 51, 42),
			(5446, 2, 52, 42),
			(5447, 2, 53, 42),
			(5448, 2, 54, 42),
			(5449, 2, 55, 42),
			(5450, 2, 56, 42),
			(5451, 2, 57, 42),
			(5452, 2, 0, 43),
			(5453, 2, 1, 43),
			(5454, 2, 2, 43),
			(5455, 2, 3, 43),
			(5456, 2, 4, 43),
			(5457, 2, 5, 43),
			(5458, 2, 6, 43),
			(5459, 2, 7, 43),
			(5460, 2, 8, 43),
			(5461, 2, 9, 43),
			(5462, 2, 10, 43),
			(5463, 2, 11, 43),
			(5464, 2, 12, 43),
			(5465, 2, 13, 43),
			(5466, 2, 14, 43),
			(5467, 2, 15, 43),
			(5468, 2, 16, 43),
			(5469, 2, 17, 43),
			(5470, 2, 18, 43),
			(5471, 2, 19, 43),
			(5472, 2, 20, 43),
			(5473, 2, 21, 43),
			(5474, 2, 22, 43),
			(5475, 2, 23, 43),
			(5476, 2, 24, 43),
			(5477, 2, 25, 43),
			(5478, 2, 26, 43),
			(5479, 2, 27, 43),
			(5480, 2, 28, 43),
			(5481, 2, 29, 43),
			(5482, 2, 30, 43),
			(5483, 2, 31, 43),
			(5484, 2, 32, 43),
			(5485, 2, 33, 43),
			(5486, 2, 34, 43),
			(5487, 2, 35, 43),
			(5488, 2, 36, 43),
			(5489, 2, 37, 43),
			(5490, 2, 38, 43),
			(5491, 2, 39, 43),
			(5492, 2, 40, 43),
			(5493, 2, 41, 43),
			(5494, 2, 42, 43),
			(5495, 2, 43, 43),
			(5496, 2, 44, 43),
			(5497, 2, 45, 43),
			(5498, 2, 46, 43),
			(5499, 2, 47, 43),
			(5500, 2, 48, 43),
			(5501, 2, 49, 43),
			(5502, 2, 50, 43),
			(5503, 2, 51, 43),
			(5504, 2, 52, 43),
			(5505, 2, 53, 43),
			(5506, 2, 54, 43),
			(5507, 2, 55, 43),
			(5508, 2, 56, 43),
			(5509, 2, 57, 43),
			(5510, 2, 0, 44),
			(5511, 2, 1, 44),
			(5512, 2, 2, 44),
			(5513, 2, 3, 44),
			(5514, 2, 4, 44),
			(5515, 2, 5, 44),
			(5516, 2, 6, 44),
			(5517, 2, 7, 44),
			(5518, 2, 8, 44),
			(5519, 2, 9, 44),
			(5520, 2, 10, 44),
			(5521, 2, 11, 44),
			(5522, 2, 12, 44),
			(5523, 2, 13, 44),
			(5524, 2, 14, 44),
			(5525, 2, 15, 44),
			(5526, 2, 16, 44),
			(5527, 2, 17, 44),
			(5528, 2, 18, 44),
			(5529, 2, 19, 44),
			(5530, 2, 20, 44),
			(5531, 2, 21, 44),
			(5532, 2, 22, 44),
			(5533, 2, 23, 44),
			(5534, 2, 24, 44),
			(5535, 2, 25, 44),
			(5536, 2, 26, 44),
			(5537, 2, 27, 44),
			(5538, 2, 28, 44),
			(5539, 2, 29, 44),
			(5540, 2, 30, 44),
			(5541, 2, 31, 44),
			(5542, 2, 32, 44),
			(5543, 2, 33, 44),
			(5544, 2, 34, 44),
			(5545, 2, 35, 44),
			(5546, 2, 36, 44),
			(5547, 2, 37, 44),
			(5548, 2, 38, 44),
			(5549, 2, 39, 44),
			(5550, 2, 40, 44),
			(5551, 2, 41, 44),
			(5552, 2, 42, 44),
			(5553, 2, 43, 44),
			(5554, 2, 44, 44),
			(5555, 2, 45, 44),
			(5556, 2, 46, 44),
			(5557, 2, 47, 44),
			(5558, 2, 48, 44),
			(5559, 2, 49, 44),
			(5560, 2, 50, 44),
			(5561, 2, 51, 44),
			(5562, 2, 52, 44),
			(5563, 2, 53, 44),
			(5564, 2, 54, 44),
			(5565, 2, 55, 44),
			(5566, 2, 56, 44),
			(5567, 2, 57, 44),
			(5568, 2, 0, 45),
			(5569, 2, 1, 45),
			(5570, 2, 2, 45),
			(5571, 2, 3, 45),
			(5572, 2, 4, 45),
			(5573, 2, 5, 45),
			(5574, 2, 6, 45),
			(5575, 2, 7, 45),
			(5576, 2, 8, 45),
			(5577, 2, 9, 45),
			(5578, 2, 10, 45),
			(5579, 2, 11, 45),
			(5580, 2, 12, 45),
			(5581, 2, 13, 45),
			(5582, 2, 14, 45),
			(5583, 2, 15, 45),
			(5584, 2, 16, 45),
			(5585, 2, 17, 45),
			(5586, 2, 18, 45),
			(5587, 2, 19, 45),
			(5588, 2, 20, 45),
			(5589, 2, 21, 45),
			(5590, 2, 22, 45),
			(5591, 2, 23, 45),
			(5592, 2, 24, 45),
			(5593, 2, 25, 45),
			(5594, 2, 26, 45),
			(5595, 2, 27, 45),
			(5596, 2, 28, 45),
			(5597, 2, 29, 45),
			(5598, 2, 30, 45),
			(5599, 2, 31, 45),
			(5600, 2, 32, 45),
			(5601, 2, 33, 45),
			(5602, 2, 34, 45),
			(5603, 2, 35, 45),
			(5604, 2, 36, 45),
			(5605, 2, 37, 45),
			(5606, 2, 38, 45),
			(5607, 2, 39, 45),
			(5608, 2, 40, 45),
			(5609, 2, 41, 45),
			(5610, 2, 42, 45),
			(5611, 2, 43, 45),
			(5612, 2, 44, 45),
			(5613, 2, 45, 45),
			(5614, 2, 46, 45),
			(5615, 2, 47, 45),
			(5616, 2, 48, 45),
			(5617, 2, 49, 45),
			(5618, 2, 50, 45),
			(5619, 2, 51, 45),
			(5620, 2, 52, 45),
			(5621, 2, 53, 45),
			(5622, 2, 54, 45),
			(5623, 2, 55, 45),
			(5624, 2, 56, 45),
			(5625, 2, 57, 45),
			(5626, 2, 0, 46),
			(5627, 2, 1, 46),
			(5628, 2, 2, 46),
			(5629, 2, 3, 46),
			(5630, 2, 4, 46),
			(5631, 2, 5, 46),
			(5632, 2, 6, 46),
			(5633, 2, 7, 46),
			(5634, 2, 8, 46),
			(5635, 2, 9, 46),
			(5636, 2, 10, 46),
			(5637, 2, 11, 46),
			(5638, 2, 12, 46),
			(5639, 2, 13, 46),
			(5640, 2, 14, 46),
			(5641, 2, 15, 46),
			(5642, 2, 16, 46),
			(5643, 2, 17, 46),
			(5644, 2, 18, 46),
			(5645, 2, 19, 46),
			(5646, 2, 20, 46),
			(5647, 2, 21, 46),
			(5648, 2, 22, 46),
			(5649, 2, 23, 46),
			(5650, 2, 24, 46),
			(5651, 2, 25, 46),
			(5652, 2, 26, 46),
			(5653, 2, 27, 46),
			(5654, 2, 28, 46),
			(5655, 2, 29, 46),
			(5656, 2, 30, 46),
			(5657, 2, 31, 46),
			(5658, 2, 32, 46),
			(5659, 2, 33, 46),
			(5660, 2, 34, 46),
			(5661, 2, 35, 46),
			(5662, 2, 36, 46),
			(5663, 2, 37, 46),
			(5664, 2, 38, 46),
			(5665, 2, 39, 46),
			(5666, 2, 40, 46),
			(5667, 2, 41, 46),
			(5668, 2, 42, 46),
			(5669, 2, 43, 46),
			(5670, 2, 44, 46),
			(5671, 2, 45, 46),
			(5672, 2, 46, 46),
			(5673, 2, 47, 46),
			(5674, 2, 48, 46),
			(5675, 2, 49, 46),
			(5676, 2, 50, 46),
			(5677, 2, 51, 46),
			(5678, 2, 52, 46),
			(5679, 2, 53, 46),
			(5680, 2, 54, 46),
			(5681, 2, 55, 46),
			(5682, 2, 56, 46),
			(5683, 2, 57, 46),
			(5684, 2, 0, 47),
			(5685, 2, 1, 47),
			(5686, 2, 2, 47),
			(5687, 2, 3, 47),
			(5688, 2, 4, 47),
			(5689, 2, 5, 47),
			(5690, 2, 6, 47),
			(5691, 2, 7, 47),
			(5692, 2, 8, 47),
			(5693, 2, 9, 47),
			(5694, 2, 10, 47),
			(5695, 2, 11, 47),
			(5696, 2, 12, 47),
			(5697, 2, 13, 47),
			(5698, 2, 14, 47),
			(5699, 2, 15, 47),
			(5700, 2, 16, 47),
			(5701, 2, 17, 47),
			(5702, 2, 18, 47),
			(5703, 2, 19, 47),
			(5704, 2, 20, 47),
			(5705, 2, 21, 47),
			(5706, 2, 22, 47),
			(5707, 2, 23, 47),
			(5708, 2, 24, 47),
			(5709, 2, 25, 47),
			(5710, 2, 26, 47),
			(5711, 2, 27, 47),
			(5712, 2, 28, 47),
			(5713, 2, 29, 47),
			(5714, 2, 30, 47),
			(5715, 2, 31, 47),
			(5716, 2, 32, 47),
			(5717, 2, 33, 47),
			(5718, 2, 34, 47),
			(5719, 2, 35, 47),
			(5720, 2, 36, 47),
			(5721, 2, 37, 47),
			(5722, 2, 38, 47),
			(5723, 2, 39, 47),
			(5724, 2, 40, 47),
			(5725, 2, 41, 47),
			(5726, 2, 42, 47),
			(5727, 2, 43, 47),
			(5728, 2, 44, 47),
			(5729, 2, 45, 47),
			(5730, 2, 46, 47),
			(5731, 2, 47, 47),
			(5732, 2, 48, 47),
			(5733, 2, 49, 47),
			(5734, 2, 50, 47),
			(5735, 2, 51, 47),
			(5736, 2, 52, 47),
			(5737, 2, 53, 47),
			(5738, 2, 54, 47),
			(5739, 2, 55, 47),
			(5740, 2, 56, 47),
			(5741, 2, 57, 47),
			(5742, 2, 0, 48),
			(5743, 2, 1, 48),
			(5744, 2, 2, 48),
			(5745, 2, 3, 48),
			(5746, 2, 4, 48),
			(5747, 2, 5, 48),
			(5748, 2, 6, 48),
			(5749, 2, 7, 48),
			(5750, 2, 8, 48),
			(5751, 2, 9, 48),
			(5752, 2, 10, 48),
			(5753, 2, 11, 48),
			(5754, 2, 12, 48),
			(5755, 2, 13, 48),
			(5756, 2, 14, 48),
			(5757, 2, 15, 48),
			(5758, 2, 16, 48),
			(5759, 2, 17, 48),
			(5760, 2, 18, 48),
			(5761, 2, 19, 48),
			(5762, 2, 20, 48),
			(5763, 2, 21, 48),
			(5764, 2, 22, 48),
			(5765, 2, 23, 48),
			(5766, 2, 24, 48),
			(5767, 2, 25, 48),
			(5768, 2, 26, 48),
			(5769, 2, 27, 48),
			(5770, 2, 28, 48),
			(5771, 2, 29, 48),
			(5772, 2, 30, 48),
			(5773, 2, 31, 48),
			(5774, 2, 32, 48),
			(5775, 2, 33, 48),
			(5776, 2, 34, 48),
			(5777, 2, 35, 48),
			(5778, 2, 36, 48),
			(5779, 2, 37, 48),
			(5780, 2, 38, 48),
			(5781, 2, 39, 48),
			(5782, 2, 40, 48),
			(5783, 2, 41, 48),
			(5784, 2, 42, 48),
			(5785, 2, 43, 48),
			(5786, 2, 44, 48),
			(5787, 2, 45, 48),
			(5788, 2, 46, 48),
			(5789, 2, 47, 48),
			(5790, 2, 48, 48),
			(5791, 2, 49, 48),
			(5792, 2, 50, 48),
			(5793, 2, 51, 48),
			(5794, 2, 52, 48),
			(5795, 2, 53, 48),
			(5796, 2, 54, 48),
			(5797, 2, 55, 48),
			(5798, 2, 56, 48),
			(5799, 2, 57, 48),
			(5800, 2, 0, 49),
			(5801, 2, 1, 49),
			(5802, 2, 2, 49),
			(5803, 2, 3, 49),
			(5804, 2, 4, 49),
			(5805, 2, 5, 49),
			(5806, 2, 6, 49),
			(5807, 2, 7, 49),
			(5808, 2, 8, 49),
			(5809, 2, 9, 49),
			(5810, 2, 10, 49),
			(5811, 2, 11, 49),
			(5812, 2, 12, 49),
			(5813, 2, 13, 49),
			(5814, 2, 14, 49),
			(5815, 2, 15, 49),
			(5816, 2, 16, 49),
			(5817, 2, 17, 49),
			(5818, 2, 18, 49),
			(5819, 2, 19, 49),
			(5820, 2, 20, 49),
			(5821, 2, 21, 49),
			(5822, 2, 22, 49),
			(5823, 2, 23, 49),
			(5824, 2, 24, 49),
			(5825, 2, 25, 49),
			(5826, 2, 26, 49),
			(5827, 2, 27, 49),
			(5828, 2, 28, 49),
			(5829, 2, 29, 49),
			(5830, 2, 30, 49),
			(5831, 2, 31, 49),
			(5832, 2, 32, 49),
			(5833, 2, 33, 49),
			(5834, 2, 34, 49),
			(5835, 2, 35, 49),
			(5836, 2, 36, 49),
			(5837, 2, 37, 49),
			(5838, 2, 38, 49),
			(5839, 2, 39, 49),
			(5840, 2, 40, 49),
			(5841, 2, 41, 49),
			(5842, 2, 42, 49),
			(5843, 2, 43, 49),
			(5844, 2, 44, 49),
			(5845, 2, 45, 49),
			(5846, 2, 46, 49),
			(5847, 2, 47, 49),
			(5848, 2, 48, 49),
			(5849, 2, 49, 49),
			(5850, 2, 50, 49),
			(5851, 2, 51, 49),
			(5852, 2, 52, 49),
			(5853, 2, 53, 49),
			(5854, 2, 54, 49),
			(5855, 2, 55, 49),
			(5856, 2, 56, 49),
			(5857, 2, 57, 49),
			(5858, 2, 0, 50),
			(5859, 2, 1, 50),
			(5860, 2, 2, 50),
			(5861, 2, 3, 50),
			(5862, 2, 4, 50),
			(5863, 2, 5, 50),
			(5864, 2, 6, 50),
			(5865, 2, 7, 50),
			(5866, 2, 8, 50),
			(5867, 2, 9, 50),
			(5868, 2, 10, 50),
			(5869, 2, 11, 50),
			(5870, 2, 12, 50),
			(5871, 2, 13, 50),
			(5872, 2, 14, 50),
			(5873, 2, 15, 50),
			(5874, 2, 16, 50),
			(5875, 2, 17, 50),
			(5876, 2, 18, 50),
			(5877, 2, 19, 50),
			(5878, 2, 20, 50),
			(5879, 2, 21, 50),
			(5880, 2, 22, 50),
			(5881, 2, 23, 50),
			(5882, 2, 24, 50),
			(5883, 2, 25, 50),
			(5884, 2, 26, 50),
			(5885, 2, 27, 50),
			(5886, 2, 28, 50),
			(5887, 2, 29, 50),
			(5888, 2, 30, 50),
			(5889, 2, 31, 50),
			(5890, 2, 32, 50),
			(5891, 2, 33, 50),
			(5892, 2, 34, 50),
			(5893, 2, 35, 50),
			(5894, 2, 36, 50),
			(5895, 2, 37, 50),
			(5896, 2, 38, 50),
			(5897, 2, 39, 50),
			(5898, 2, 40, 50),
			(5899, 2, 41, 50),
			(5900, 2, 42, 50),
			(5901, 2, 43, 50),
			(5902, 2, 44, 50),
			(5903, 2, 45, 50),
			(5904, 2, 46, 50),
			(5905, 2, 47, 50),
			(5906, 2, 48, 50),
			(5907, 2, 49, 50),
			(5908, 2, 50, 50),
			(5909, 2, 51, 50),
			(5910, 2, 52, 50),
			(5911, 2, 53, 50),
			(5912, 2, 54, 50),
			(5913, 2, 55, 50),
			(5914, 2, 56, 50),
			(5915, 2, 57, 50);




-- -----------------------------------------------------
-- Table `mydb`.`room`
-- -----------------------------------------------------
DROP TABLE IF EXISTS `mydb`.`room` ;

CREATE TABLE IF NOT EXISTS `mydb`.`room` (
  `roomID` INT NOT NULL,
  `nodeID` INT NOT NULL,
  `floorID` INT NOT NULL,
  `roomNumber` INT NULL,
  `isPopular` TINYINT NULL,
  `roomName` VARCHAR(255),
  PRIMARY KEY (`roomID`),
  INDEX `nodeID_idx` (`nodeID` ASC),
  INDEX `floorID_idx` (`floorID` ASC),
  CONSTRAINT `roomnodeID`
    FOREIGN KEY (`nodeID`)
    REFERENCES `mydb`.`node` (`nodeID`)
    ON DELETE NO ACTION
    ON UPDATE NO ACTION,
  CONSTRAINT `roomfloorID`
    FOREIGN KEY (`floorID`)
    REFERENCES `mydb`.`floor` (`floorID`)
    ON DELETE NO ACTION
    ON UPDATE NO ACTION)
ENGINE = InnoDB;

-- -----------------------------------------------------
-- Inserting values into room
-- -----------------------------------------------------

INSERT INTO room (roomID, nodeID, floorID, roomNumber, roomName, isPopular) VALUES
		(1, 30, 1, 1000, 'Taylor Auditorium', 1),
		(2, 31, 1, 1003, 'Restroom', 0),
		(3, 28, 1, 1006, 'Room 1006', 0),
		(4, 26, 1, 1008, 'Room 1008', 0),
		(5, 34, 1, 1009, 'Room 1009', 0),
		(6, 33, 1, 1012, 'Room 1012', 0),
		(7, 32, 1, 1013, 'Room 1013 - Stock Center', 1),
		(8, 24, 1, 1014, 'Room 1014', 0),
		(9, 23, 1, 1018, 'Restroom - Men', 0),
		(10, 23, 1, 1020, 'Room 1020', 0),
		(11, 16, 1, 1022, 'Office Suite', 1),
		(12, 12, 1, 1023, 'Room 1023', 0),
		(13, 10, 1, 1024, 'Restroom - Men', 0),
		(14, 10, 1, 1025, 'Restroom - Women', 0),
		(15, 7, 1, 1026, 'Dividends', 1),
		(16, 4, 1, 1035, 'Room 1035', 0),
		(17, 5, 1, 1036, 'Room 1036', 0),
		(18, 6, 1, 1038, 'Room 1038 - Global Studies', 1),
		(19, 0, 1, 1039, 'Entrance Hall - West', 1),
		(20, 18, 1, 1040, 'Entrance Hall - Central', 1),
		(21, 34, 1, 1041, 'Entrance Hall - East', 1),
		(22, 61, 2, 2000, 'Taylor Auditorium - Second Floor', 1), # all 2nd floor rooms are tied to a placeholder node
		(23, 62, 2, 2006, 'Room 2006', 0),
		(24, 56, 2, 2037, 'Room 2037', 0),
		(25, 54, 2, 2040, 'Room 2040', 0),
		(26, 55, 2, 2041, 'Room 2041', 0),
		(27, 45, 2, 2046, 'Room 2046', 0),
		(28, 43, 2, 2047, 'Restroom - Men', 0),
        (29, 43, 2, 2048, 'Restroom - Women', 0),
		(30, 43, 2, 2049, 'Room 2049', 0),
		(31, 42, 2, 2050, 'Room 2050', 0),
		(32, 36, 2, 2053, 'Department of Finance', 1),
		(33, 37, 2, 2054, 'Department of Econonomics', 1),
		(34, 39, 2, 2076, 'Restroom - GN', 0),
		(35, 39, 2, 2078, 'Institute for Entrepreneurship', 1),
		(36, 40, 2, 2079, 'Second Floor Conference Room', 0);

-- -----------------------------------------------------
-- Table `mydb`.`node`
-- -----------------------------------------------------
DROP TABLE IF EXISTS `mydb`.`node` ;

CREATE TABLE IF NOT EXISTS `mydb`.`node` (
  `nodeID` INT NOT NULL,
  `cellID` INT NOT NULL,
  PRIMARY KEY (`nodeID`),
  INDEX `cellID_idx` (`cellID` ASC),
  CONSTRAINT `cellID`
    FOREIGN KEY (`cellID`)
    REFERENCES `mydb`.`cell` (`cellID`)
    ON DELETE NO ACTION
    ON UPDATE NO ACTION)
ENGINE = InnoDB;
Insert into node (nodeID, cellID) VALUES

		(0, 758),
		(1, 761),
		(2, 935),
		(3, 993),
		(4, 1167),
		(5, 1573),
		(6, 1805),
		(7, 765),
		(8, 771), 
		(9, 829),
		(10, 945),
		(11, 1177),
		(12, 659),
		(13, 775),
		(14, 891),
		(15, 373),
		(16, 663),
		(17, 895),
		(18, 1185),
		(19, 668),
		(20, 784),
		(21, 900),
		(22, 1190),
		(23, 787),
		(24, 794),
		(25, 798),
		(26, 1204),
		(27, 1610),
		(28, 1900),
		(29, 2074),
		(30, 2480),
		(31, 2076),
		(32, 596),
		(33, 743),
		(34, 802),
		(35, 1614),
        (36, 3252),
		(37, 3310),
		(38, 3600),
		(39, 4702),
		(40, 4818),
		(41, 3602),
		(42, 3609),
		(43, 3611),
		(44, 3613),
		(45, 3787),
		(46, 3442),
		(47, 3616),
		(48, 3732),
		(49, 3737),
		(50, 3452),
		(51, 3626),
		(52, 3742),
		(53, 3629),
		(54, 3803),
		(55, 3631),
		(56, 3633),
		(57, 3640),
		(58, 3642),
		(59, 4918),
		(60, 5150),
		(61, 5730),
		(62, 4920);


DROP TABLE IF EXISTS `mydb`.`edge` ;

CREATE TABLE IF NOT EXISTS `mydb`.`edge` (
  `edgeID` INT NOT NULL,
  `node1ID` INT NOT NULL,
  `node2ID` INT NOT NULL,
  `floorID` INT NOT NULL,
  PRIMARY KEY (`edgeID`),
  INDEX `node1ID_idx` (`node1ID` ASC),
  INDEX `node2ID_idx` (`node2ID` ASC),
  INDEX `floorID_idx` (`floorID` ASC),
  CONSTRAINT `edgenode1ID`
    FOREIGN KEY (`node1ID`)
    REFERENCES `mydb`.`node` (`nodeID`)
    ON DELETE NO ACTION
    ON UPDATE NO ACTION,
  CONSTRAINT `edgenode2ID`
    FOREIGN KEY (`node2ID`)
    REFERENCES `mydb`.`node` (`nodeID`)
    ON DELETE NO ACTION
    ON UPDATE NO ACTION,
  CONSTRAINT `edgefloorID`
    FOREIGN KEY (`floorID`)
    REFERENCES `mydb`.`floor` (`floorID`)
    ON DELETE NO ACTION
    ON UPDATE NO ACTION)
ENGINE = InnoDB;

Insert into edge (edgeID, node1ID, node2ID, floorID) VALUES

		(0, 0, 1, 1),
		(1, 1, 2, 1),
		(2, 2, 3, 1),
		(3, 3, 4, 1),
		(4, 4, 5, 1),
		(5, 5, 6, 1),
		(6, 1, 7, 1),
		(7, 7, 8, 1),
		(8, 8, 9, 1),
		(9, 9, 10, 1),
		(10, 10, 11, 1),
		(11, 11, 18, 1),
		(12, 18, 22, 1),
		(13, 18, 17, 1),
		(14, 17, 14, 1),
        (15, 14, 13, 1),
        (16, 8, 13, 1),
        (17, 13, 12, 1),
        (18, 12, 16, 1),
        (19, 16, 15, 1),
        (20, 16, 19, 1),
        (21, 19, 20, 1),
        (22, 20, 21, 1),
        (23, 17, 21, 1),
        (24, 20, 23, 1),
        (25, 23, 24, 1),
        (26, 24, 25, 1),
        (27, 25, 34, 1),
        (28, 34, 33, 1),
        (29, 33, 32, 1),
        (30, 25, 26, 1),
        (31, 26, 27, 1),
        (32, 27, 35, 1),
        (33, 27, 28, 1),
        (34, 28, 29, 1),
        (35, 29, 31, 1),
        (36, 29, 30, 1),
        (37, 36, 37, 2),
        (38, 37, 38, 2),
        (39, 38, 39, 2),
        (40, 38, 41, 2),
        (41, 41, 42, 2),
        (42, 42, 43, 2),
        (43, 43, 44, 2),
        (44, 44, 45, 2),
        (45, 44, 47, 2),
        (46, 47, 46, 2),
        (47, 47, 48, 2),
        (48, 48, 49, 2),
        (49, 49, 52, 2),
        (50, 52, 51, 2),
        (51, 46, 50, 2),
        (52, 50, 51, 2),
        (53, 51, 53, 2),
        (54, 53, 54, 2),
        (55, 54, 55, 2),
        (56, 55, 56, 2),
        (57, 56, 57, 2),
        (58, 57, 58, 2),
        (59, 58, 59, 2),
        (60, 59, 62, 2),
        (61, 59, 60, 2),
        (62, 60, 61, 2);
        
		


-- -----------------------------------------------------
-- Table `mydb`.`transition`
-- -----------------------------------------------------
DROP TABLE IF EXISTS `mydb`.`transition` ;

CREATE TABLE IF NOT EXISTS `mydb`.`transition` (
  `transitionID` INT NOT NULL,
  `nodeID` INT NOT NULL,
  `floorID` INT NOT NULL,
  PRIMARY KEY (`transitionID`))
ENGINE = InnoDB;


-- -----------------------------------------------------
-- Table `mydb`.`beacon`
-- -----------------------------------------------------
DROP TABLE IF EXISTS `mydb`.`beacon` ;

CREATE TABLE IF NOT EXISTS `mydb`.`beacon` (
  `beaconID` INT NOT NULL,
  `cellID` INT NOT NULL,
  PRIMARY KEY (`beaconID`),
  INDEX `cellID_idx` (`cellID` ASC),
  CONSTRAINT `beaconcellID`
    FOREIGN KEY (`cellID`)
    REFERENCES `mydb`.`cell` (`cellID`)
    ON DELETE NO ACTION
    ON UPDATE NO ACTION)
ENGINE = InnoDB;

USE `mydb` ;

-- -----------------------------------------------------
-- Placeholder table for view `mydb`.`view1`
-- -----------------------------------------------------
CREATE TABLE IF NOT EXISTS `mydb`.`view1` (`id` INT);

-- -----------------------------------------------------
-- View `mydb`.`view1`
-- -----------------------------------------------------
DROP VIEW IF EXISTS `mydb`.`view1` ;
DROP TABLE IF EXISTS `mydb`.`view1`;
USE `mydb`;


SET SQL_MODE=@OLD_SQL_MODE;
SET FOREIGN_KEY_CHECKS=@OLD_FOREIGN_KEY_CHECKS;
SET UNIQUE_CHECKS=@OLD_UNIQUE_CHECKS;
